exercicio;periodo;periodicidade;instituicao;cod_ibge;uf;co_poder;populacao;anexo;esfera;rotulo;coluna;cod_conta;conta;valor
2019;3;Q;Governo do Estado de Rondônia;11;RO;E;1757589;RGF-Anexo 01;E;Padrão;<MR-11>;DespesaComPessoalBruta;DESPESA BRUTA COM PESSOAL (I);250589632.72
2019;3;Q;Governo do Estado de Rondônia;11;RO;E;1757589;RGF-Anexo 01;E;Padrão;<MR-10>;DespesaComPessoalBruta;DESPESA BRUTA COM PESSOAL (I);268834774.33
2019;3;Q;Governo do Estado de Rondônia;11;RO;E;1757589;RGF-Anexo 01;E;Padrão;<MR-9>;DespesaComPessoalBruta;DESPESA BRUTA COM PESSOAL (I);252643852.99
2019;3;Q;Governo do Estado de Rondônia;11;RO;E;1757589;RGF-Anexo 01;E;Padrão;<MR-8>;DespesaComPessoalBruta;DESPESA BRUTA COM PESSOAL (I);275214859.04
2019;3;Q;Governo do Estado de Rondônia;11;RO;E;1757589;RGF-Anexo 01;E;Padrão;<MR-7>;DespesaComPessoalBruta;DESPESA BRUTA COM PESSOAL (I);271749266.75
2019;3;Q;Governo do Estado de Rondônia;11;RO;E;1757589;RGF-Anexo 01;E;Padrão;<MR-6>;DespesaComPessoalBruta;DESPESA BRUTA COM PESSOAL (I);297842893.39
2019;3;Q;Governo do Estado de Rondônia;11;RO;E;1757589;RGF-Anexo 01;E;Padrão;<MR-5>;DespesaComPessoalBruta;DESPESA BRUTA COM PESSOAL (I);375902568.51
2019;3;Q;Governo do Estado de Rondônia;11;RO;E;1757589;RGF-Anexo 01;E;Padrão;<MR-4>;DespesaComPessoalBruta;DESPESA BRUTA COM PESSOAL (I);275623531.02
2019;3;Q;Governo do Estado de Rondônia;11;RO;E;1757589;RGF-Anexo 01;E;Padrão;<MR-3>;DespesaComPessoalBruta;DESPESA BRUTA COM PESSOAL (I);258802845.91
2019;3;Q;Governo do Estado de Rondônia;11;RO;E;1757589;RGF-Anexo 01;E;Padrão;<MR-2>;DespesaComPessoalBruta;DESPESA BRUTA COM PESSOAL (I);234866219.29
2019;3;Q;Governo do Estado de Rondônia;11;RO;E;1757589;RGF-Anexo 01;E;Padrão;<MR-1>;DespesaComPessoalBruta;DESPESA BRUTA COM PESSOAL (I);318352460.23
2019;3;Q;Governo do Estado de Rondônia;11;RO;E;1757589;RGF-Anexo 01;E;Padrão;<MR>;DespesaComPessoalBruta;DESPESA BRUTA COM PESSOAL (I);495613862.2
2019;3;Q;Governo do Estado de Rondônia;11;RO;E;1757589;RGF-Anexo 01;E;Padrão;TOTAL (ÚLTIMOS 12 MESES) (a);DespesaComPessoalBruta;DESPESA BRUTA COM PESSOAL (I);3576036766.38
2019;3;Q;Governo do Estado de Rondônia;11;RO;E;1757589;RGF-Anexo 01;E;Padrão;INSCRITAS EM RESTOS A PAGAR NÃO PROCESSADOS (b);DespesaComPessoalBruta;DESPESA BRUTA COM PESSOAL (I);20289764.07
2019;3;Q;Governo do Estado de Rondônia;11;RO;E;1757589;RGF-Anexo 01;E;Padrão;<MR-11>;DespesaComPessoalAtivoBruta;Pessoal Ativo;208210084.49
2019;3;Q;Governo do Estado de Rondônia;11;RO;E;1757589;RGF-Anexo 01;E;Padrão;<MR-10>;DespesaComPessoalAtivoBruta;Pessoal Ativo;226372197.44
2019;3;Q;Governo do Estado de Rondônia;11;RO;E;1757589;RGF-Anexo 01;E;Padrão;<MR-9>;DespesaComPessoalAtivoBruta;Pessoal Ativo;208174588.32
2019;3;Q;Governo do Estado de Rondônia;11;RO;E;1757589;RGF-Anexo 01;E;Padrão;<MR-8>;DespesaComPessoalAtivoBruta;Pessoal Ativo;226674177.82
2019;3;Q;Governo do Estado de Rondônia;11;RO;E;1757589;RGF-Anexo 01;E;Padrão;<MR-7>;DespesaComPessoalAtivoBruta;Pessoal Ativo;223674876.78
2019;3;Q;Governo do Estado de Rondônia;11;RO;E;1757589;RGF-Anexo 01;E;Padrão;<MR-6>;DespesaComPessoalAtivoBruta;Pessoal Ativo;247131085.94
2019;3;Q;Governo do Estado de Rondônia;11;RO;E;1757589;RGF-Anexo 01;E;Padrão;<MR-5>;DespesaComPessoalAtivoBruta;Pessoal Ativo;304117282.67
2019;3;Q;Governo do Estado de Rondônia;11;RO;E;1757589;RGF-Anexo 01;E;Padrão;<MR-4>;DespesaComPessoalAtivoBruta;Pessoal Ativo;227858314.89
2019;3;Q;Governo do Estado de Rondônia;11;RO;E;1757589;RGF-Anexo 01;E;Padrão;<MR-3>;DespesaComPessoalAtivoBruta;Pessoal Ativo;234765780.31
2019;3;Q;Governo do Estado de Rondônia;11;RO;E;1757589;RGF-Anexo 01;E;Padrão;<MR-2>;DespesaComPessoalAtivoBruta;Pessoal Ativo;223834694.04
2019;3;Q;Governo do Estado de Rondônia;11;RO;E;1757589;RGF-Anexo 01;E;Padrão;<MR-1>;DespesaComPessoalAtivoBruta;Pessoal Ativo;274260509.63
2019;3;Q;Governo do Estado de Rondônia;11;RO;E;1757589;RGF-Anexo 01;E;Padrão;<MR>;DespesaComPessoalAtivoBruta;Pessoal Ativo;344013350.32
2019;3;Q;Governo do Estado de Rondônia;11;RO;E;1757589;RGF-Anexo 01;E;Padrão;TOTAL (ÚLTIMOS 12 MESES) (a);DespesaComPessoalAtivoBruta;Pessoal Ativo;2949086942.65
2019;3;Q;Governo do Estado de Rondônia;11;RO;E;1757589;RGF-Anexo 01;E;Padrão;INSCRITAS EM RESTOS A PAGAR NÃO PROCESSADOS (b);DespesaComPessoalAtivoBruta;Pessoal Ativo;14378161.75
2019;3;Q;Governo do Estado de Rondônia;11;RO;E;1757589;RGF-Anexo 01;E;Padrão;<MR-11>;VencimentosVantagensEOutrasDespesasVariaveis;Vencimentos, Vantagens e Outras Despesas Variáveis;191230243.78
2019;3;Q;Governo do Estado de Rondônia;11;RO;E;1757589;RGF-Anexo 01;E;Padrão;<MR-10>;VencimentosVantagensEOutrasDespesasVariaveis;Vencimentos, Vantagens e Outras Despesas Variáveis;202063379.94
2019;3;Q;Governo do Estado de Rondônia;11;RO;E;1757589;RGF-Anexo 01;E;Padrão;<MR-9>;VencimentosVantagensEOutrasDespesasVariaveis;Vencimentos, Vantagens e Outras Despesas Variáveis;188673373.31
2019;3;Q;Governo do Estado de Rondônia;11;RO;E;1757589;RGF-Anexo 01;E;Padrão;<MR-8>;VencimentosVantagensEOutrasDespesasVariaveis;Vencimentos, Vantagens e Outras Despesas Variáveis;204601585.37
2019;3;Q;Governo do Estado de Rondônia;11;RO;E;1757589;RGF-Anexo 01;E;Padrão;<MR-7>;VencimentosVantagensEOutrasDespesasVariaveis;Vencimentos, Vantagens e Outras Despesas Variáveis;191839868.74
2019;3;Q;Governo do Estado de Rondônia;11;RO;E;1757589;RGF-Anexo 01;E;Padrão;<MR-6>;VencimentosVantagensEOutrasDespesasVariaveis;Vencimentos, Vantagens e Outras Despesas Variáveis;226507748.67
2019;3;Q;Governo do Estado de Rondônia;11;RO;E;1757589;RGF-Anexo 01;E;Padrão;<MR-5>;VencimentosVantagensEOutrasDespesasVariaveis;Vencimentos, Vantagens e Outras Despesas Variáveis;279264146.05
2019;3;Q;Governo do Estado de Rondônia;11;RO;E;1757589;RGF-Anexo 01;E;Padrão;<MR-4>;VencimentosVantagensEOutrasDespesasVariaveis;Vencimentos, Vantagens e Outras Despesas Variáveis;203856750.77
2019;3;Q;Governo do Estado de Rondônia;11;RO;E;1757589;RGF-Anexo 01;E;Padrão;<MR-3>;VencimentosVantagensEOutrasDespesasVariaveis;Vencimentos, Vantagens e Outras Despesas Variáveis;207987921.98
2019;3;Q;Governo do Estado de Rondônia;11;RO;E;1757589;RGF-Anexo 01;E;Padrão;<MR-2>;VencimentosVantagensEOutrasDespesasVariaveis;Vencimentos, Vantagens e Outras Despesas Variáveis;205707219.91
2019;3;Q;Governo do Estado de Rondônia;11;RO;E;1757589;RGF-Anexo 01;E;Padrão;<MR-1>;VencimentosVantagensEOutrasDespesasVariaveis;Vencimentos, Vantagens e Outras Despesas Variáveis;246421896.32
2019;3;Q;Governo do Estado de Rondônia;11;RO;E;1757589;RGF-Anexo 01;E;Padrão;<MR>;VencimentosVantagensEOutrasDespesasVariaveis;Vencimentos, Vantagens e Outras Despesas Variáveis;296758021.11
2019;3;Q;Governo do Estado de Rondônia;11;RO;E;1757589;RGF-Anexo 01;E;Padrão;TOTAL (ÚLTIMOS 12 MESES) (a);VencimentosVantagensEOutrasDespesasVariaveis;Vencimentos, Vantagens e Outras Despesas Variáveis;2644912155.95
2019;3;Q;Governo do Estado de Rondônia;11;RO;E;1757589;RGF-Anexo 01;E;Padrão;INSCRITAS EM RESTOS A PAGAR NÃO PROCESSADOS (b);VencimentosVantagensEOutrasDespesasVariaveis;Vencimentos, Vantagens e Outras Despesas Variáveis;8220953.06
2019;3;Q;Governo do Estado de Rondônia;11;RO;E;1757589;RGF-Anexo 01;E;Padrão;<MR-11>;ObrigacoesPatronais;Obrigações Patronais;16976831.62
2019;3;Q;Governo do Estado de Rondônia;11;RO;E;1757589;RGF-Anexo 01;E;Padrão;<MR-10>;ObrigacoesPatronais;Obrigações Patronais;23820980.04
2019;3;Q;Governo do Estado de Rondônia;11;RO;E;1757589;RGF-Anexo 01;E;Padrão;<MR-9>;ObrigacoesPatronais;Obrigações Patronais;19498783.84
2019;3;Q;Governo do Estado de Rondônia;11;RO;E;1757589;RGF-Anexo 01;E;Padrão;<MR-8>;ObrigacoesPatronais;Obrigações Patronais;22069985.19
2019;3;Q;Governo do Estado de Rondônia;11;RO;E;1757589;RGF-Anexo 01;E;Padrão;<MR-7>;ObrigacoesPatronais;Obrigações Patronais;31832675.07
2019;3;Q;Governo do Estado de Rondônia;11;RO;E;1757589;RGF-Anexo 01;E;Padrão;<MR-6>;ObrigacoesPatronais;Obrigações Patronais;20621335.2
2019;3;Q;Governo do Estado de Rondônia;11;RO;E;1757589;RGF-Anexo 01;E;Padrão;<MR-5>;ObrigacoesPatronais;Obrigações Patronais;24849488.04
2019;3;Q;Governo do Estado de Rondônia;11;RO;E;1757589;RGF-Anexo 01;E;Padrão;<MR-4>;ObrigacoesPatronais;Obrigações Patronais;23945783.62
2019;3;Q;Governo do Estado de Rondônia;11;RO;E;1757589;RGF-Anexo 01;E;Padrão;<MR-3>;ObrigacoesPatronais;Obrigações Patronais;26769016.98
2019;3;Q;Governo do Estado de Rondônia;11;RO;E;1757589;RGF-Anexo 01;E;Padrão;<MR-2>;ObrigacoesPatronais;Obrigações Patronais;18125839.94
2019;3;Q;Governo do Estado de Rondônia;11;RO;E;1757589;RGF-Anexo 01;E;Padrão;<MR-1>;ObrigacoesPatronais;Obrigações Patronais;26353014.04
2019;3;Q;Governo do Estado de Rondônia;11;RO;E;1757589;RGF-Anexo 01;E;Padrão;<MR>;ObrigacoesPatronais;Obrigações Patronais;47254123.18
2019;3;Q;Governo do Estado de Rondônia;11;RO;E;1757589;RGF-Anexo 01;E;Padrão;TOTAL (ÚLTIMOS 12 MESES) (a);ObrigacoesPatronais;Obrigações Patronais;302117856.76
2019;3;Q;Governo do Estado de Rondônia;11;RO;E;1757589;RGF-Anexo 01;E;Padrão;INSCRITAS EM RESTOS A PAGAR NÃO PROCESSADOS (b);ObrigacoesPatronais;Obrigações Patronais;6157208.69
2019;3;Q;Governo do Estado de Rondônia;11;RO;E;1757589;RGF-Anexo 01;E;Padrão;<MR-11>;BeneficiosPrevidenciarios;Benefícios Previdenciários;3009.09
2019;3;Q;Governo do Estado de Rondônia;11;RO;E;1757589;RGF-Anexo 01;E;Padrão;<MR-10>;BeneficiosPrevidenciarios;Benefícios Previdenciários;487837.46
2019;3;Q;Governo do Estado de Rondônia;11;RO;E;1757589;RGF-Anexo 01;E;Padrão;<MR-9>;BeneficiosPrevidenciarios;Benefícios Previdenciários;2431.17
2019;3;Q;Governo do Estado de Rondônia;11;RO;E;1757589;RGF-Anexo 01;E;Padrão;<MR-8>;BeneficiosPrevidenciarios;Benefícios Previdenciários;2607.26
2019;3;Q;Governo do Estado de Rondônia;11;RO;E;1757589;RGF-Anexo 01;E;Padrão;<MR-7>;BeneficiosPrevidenciarios;Benefícios Previdenciários;2332.97
2019;3;Q;Governo do Estado de Rondônia;11;RO;E;1757589;RGF-Anexo 01;E;Padrão;<MR-6>;BeneficiosPrevidenciarios;Benefícios Previdenciários;2002.07
2019;3;Q;Governo do Estado de Rondônia;11;RO;E;1757589;RGF-Anexo 01;E;Padrão;<MR-5>;BeneficiosPrevidenciarios;Benefícios Previdenciários;3648.58
2019;3;Q;Governo do Estado de Rondônia;11;RO;E;1757589;RGF-Anexo 01;E;Padrão;<MR-4>;BeneficiosPrevidenciarios;Benefícios Previdenciários;55780.5
2019;3;Q;Governo do Estado de Rondônia;11;RO;E;1757589;RGF-Anexo 01;E;Padrão;<MR-3>;BeneficiosPrevidenciarios;Benefícios Previdenciários;8841.35
2019;3;Q;Governo do Estado de Rondônia;11;RO;E;1757589;RGF-Anexo 01;E;Padrão;<MR-2>;BeneficiosPrevidenciarios;Benefícios Previdenciários;1634.19
2019;3;Q;Governo do Estado de Rondônia;11;RO;E;1757589;RGF-Anexo 01;E;Padrão;<MR-1>;BeneficiosPrevidenciarios;Benefícios Previdenciários;1485599.27
2019;3;Q;Governo do Estado de Rondônia;11;RO;E;1757589;RGF-Anexo 01;E;Padrão;<MR>;BeneficiosPrevidenciarios;Benefícios Previdenciários;1206.03
2019;3;Q;Governo do Estado de Rondônia;11;RO;E;1757589;RGF-Anexo 01;E;Padrão;TOTAL (ÚLTIMOS 12 MESES) (a);BeneficiosPrevidenciarios;Benefícios Previdenciários;2056929.94
2019;3;Q;Governo do Estado de Rondônia;11;RO;E;1757589;RGF-Anexo 01;E;Padrão;<MR-11>;DespesaComPessoalInativoEPensionistasBruta;Pessoal Inativo e Pensionistas;42379548.23
2019;3;Q;Governo do Estado de Rondônia;11;RO;E;1757589;RGF-Anexo 01;E;Padrão;<MR-10>;DespesaComPessoalInativoEPensionistasBruta;Pessoal Inativo e Pensionistas;42462576.89
2019;3;Q;Governo do Estado de Rondônia;11;RO;E;1757589;RGF-Anexo 01;E;Padrão;<MR-9>;DespesaComPessoalInativoEPensionistasBruta;Pessoal Inativo e Pensionistas;44149724.58
2019;3;Q;Governo do Estado de Rondônia;11;RO;E;1757589;RGF-Anexo 01;E;Padrão;<MR-8>;DespesaComPessoalInativoEPensionistasBruta;Pessoal Inativo e Pensionistas;44177485.6
2019;3;Q;Governo do Estado de Rondônia;11;RO;E;1757589;RGF-Anexo 01;E;Padrão;<MR-7>;DespesaComPessoalInativoEPensionistasBruta;Pessoal Inativo e Pensionistas;44662862.05
2019;3;Q;Governo do Estado de Rondônia;11;RO;E;1757589;RGF-Anexo 01;E;Padrão;<MR-6>;DespesaComPessoalInativoEPensionistasBruta;Pessoal Inativo e Pensionistas;44993427.25
2019;3;Q;Governo do Estado de Rondônia;11;RO;E;1757589;RGF-Anexo 01;E;Padrão;<MR-5>;DespesaComPessoalInativoEPensionistasBruta;Pessoal Inativo e Pensionistas;67512339.9
2019;3;Q;Governo do Estado de Rondônia;11;RO;E;1757589;RGF-Anexo 01;E;Padrão;<MR-4>;DespesaComPessoalInativoEPensionistasBruta;Pessoal Inativo e Pensionistas;46030697.27
2019;3;Q;Governo do Estado de Rondônia;11;RO;E;1757589;RGF-Anexo 01;E;Padrão;<MR-3>;DespesaComPessoalInativoEPensionistasBruta;Pessoal Inativo e Pensionistas;18853342.79
2019;3;Q;Governo do Estado de Rondônia;11;RO;E;1757589;RGF-Anexo 01;E;Padrão;<MR-2>;DespesaComPessoalInativoEPensionistasBruta;Pessoal Inativo e Pensionistas;7808060.92
2019;3;Q;Governo do Estado de Rondônia;11;RO;E;1757589;RGF-Anexo 01;E;Padrão;<MR-1>;DespesaComPessoalInativoEPensionistasBruta;Pessoal Inativo e Pensionistas;40715790.32
2019;3;Q;Governo do Estado de Rondônia;11;RO;E;1757589;RGF-Anexo 01;E;Padrão;<MR>;DespesaComPessoalInativoEPensionistasBruta;Pessoal Inativo e Pensionistas;146839969.86
2019;3;Q;Governo do Estado de Rondônia;11;RO;E;1757589;RGF-Anexo 01;E;Padrão;TOTAL (ÚLTIMOS 12 MESES) (a);DespesaComPessoalInativoEPensionistasBruta;Pessoal Inativo e Pensionistas;590585825.66
2019;3;Q;Governo do Estado de Rondônia;11;RO;E;1757589;RGF-Anexo 01;E;Padrão;<MR-11>;AposentadoriasReservaEReformas;Aposentadorias, Reserva e Reformas;35169460.58
2019;3;Q;Governo do Estado de Rondônia;11;RO;E;1757589;RGF-Anexo 01;E;Padrão;<MR-10>;AposentadoriasReservaEReformas;Aposentadorias, Reserva e Reformas;35435077.47
2019;3;Q;Governo do Estado de Rondônia;11;RO;E;1757589;RGF-Anexo 01;E;Padrão;<MR-9>;AposentadoriasReservaEReformas;Aposentadorias, Reserva e Reformas;37096302.08
2019;3;Q;Governo do Estado de Rondônia;11;RO;E;1757589;RGF-Anexo 01;E;Padrão;<MR-8>;AposentadoriasReservaEReformas;Aposentadorias, Reserva e Reformas;36845641.25
2019;3;Q;Governo do Estado de Rondônia;11;RO;E;1757589;RGF-Anexo 01;E;Padrão;<MR-7>;AposentadoriasReservaEReformas;Aposentadorias, Reserva e Reformas;36973767.39
2019;3;Q;Governo do Estado de Rondônia;11;RO;E;1757589;RGF-Anexo 01;E;Padrão;<MR-6>;AposentadoriasReservaEReformas;Aposentadorias, Reserva e Reformas;37529309.51
2019;3;Q;Governo do Estado de Rondônia;11;RO;E;1757589;RGF-Anexo 01;E;Padrão;<MR-5>;AposentadoriasReservaEReformas;Aposentadorias, Reserva e Reformas;56307250.68
2019;3;Q;Governo do Estado de Rondônia;11;RO;E;1757589;RGF-Anexo 01;E;Padrão;<MR-4>;AposentadoriasReservaEReformas;Aposentadorias, Reserva e Reformas;38440038.23
2019;3;Q;Governo do Estado de Rondônia;11;RO;E;1757589;RGF-Anexo 01;E;Padrão;<MR-3>;AposentadoriasReservaEReformas;Aposentadorias, Reserva e Reformas;11263482.25
2019;3;Q;Governo do Estado de Rondônia;11;RO;E;1757589;RGF-Anexo 01;E;Padrão;<MR-2>;AposentadoriasReservaEReformas;Aposentadorias, Reserva e Reformas;215162.02
2019;3;Q;Governo do Estado de Rondônia;11;RO;E;1757589;RGF-Anexo 01;E;Padrão;<MR-1>;AposentadoriasReservaEReformas;Aposentadorias, Reserva e Reformas;29375361.84
2019;3;Q;Governo do Estado de Rondônia;11;RO;E;1757589;RGF-Anexo 01;E;Padrão;<MR>;AposentadoriasReservaEReformas;Aposentadorias, Reserva e Reformas;139172434.3
2019;3;Q;Governo do Estado de Rondônia;11;RO;E;1757589;RGF-Anexo 01;E;Padrão;TOTAL (ÚLTIMOS 12 MESES) (a);AposentadoriasReservaEReformas;Aposentadorias, Reserva e Reformas;493823287.6
2019;3;Q;Governo do Estado de Rondônia;11;RO;E;1757589;RGF-Anexo 01;E;Padrão;<MR-11>;DespesasPensoesInativosEPensionistas;Pensões;7210087.65
2019;3;Q;Governo do Estado de Rondônia;11;RO;E;1757589;RGF-Anexo 01;E;Padrão;<MR-10>;DespesasPensoesInativosEPensionistas;Pensões;7027499.42
2019;3;Q;Governo do Estado de Rondônia;11;RO;E;1757589;RGF-Anexo 01;E;Padrão;<MR-9>;DespesasPensoesInativosEPensionistas;Pensões;7053422.5
2019;3;Q;Governo do Estado de Rondônia;11;RO;E;1757589;RGF-Anexo 01;E;Padrão;<MR-8>;DespesasPensoesInativosEPensionistas;Pensões;7331844.35
2019;3;Q;Governo do Estado de Rondônia;11;RO;E;1757589;RGF-Anexo 01;E;Padrão;<MR-7>;DespesasPensoesInativosEPensionistas;Pensões;7689094.66
2019;3;Q;Governo do Estado de Rondônia;11;RO;E;1757589;RGF-Anexo 01;E;Padrão;<MR-6>;DespesasPensoesInativosEPensionistas;Pensões;7464117.74
2019;3;Q;Governo do Estado de Rondônia;11;RO;E;1757589;RGF-Anexo 01;E;Padrão;<MR-5>;DespesasPensoesInativosEPensionistas;Pensões;11205089.22
2019;3;Q;Governo do Estado de Rondônia;11;RO;E;1757589;RGF-Anexo 01;E;Padrão;<MR-4>;DespesasPensoesInativosEPensionistas;Pensões;7590659.04
2019;3;Q;Governo do Estado de Rondônia;11;RO;E;1757589;RGF-Anexo 01;E;Padrão;<MR-3>;DespesasPensoesInativosEPensionistas;Pensões;7589860.54
2019;3;Q;Governo do Estado de Rondônia;11;RO;E;1757589;RGF-Anexo 01;E;Padrão;<MR-2>;DespesasPensoesInativosEPensionistas;Pensões;7592898.9
2019;3;Q;Governo do Estado de Rondônia;11;RO;E;1757589;RGF-Anexo 01;E;Padrão;<MR-1>;DespesasPensoesInativosEPensionistas;Pensões;11340428.48
2019;3;Q;Governo do Estado de Rondônia;11;RO;E;1757589;RGF-Anexo 01;E;Padrão;<MR>;DespesasPensoesInativosEPensionistas;Pensões;7667535.56
2019;3;Q;Governo do Estado de Rondônia;11;RO;E;1757589;RGF-Anexo 01;E;Padrão;TOTAL (ÚLTIMOS 12 MESES) (a);DespesasPensoesInativosEPensionistas;Pensões;96762538.06
2019;3;Q;Governo do Estado de Rondônia;11;RO;E;1757589;RGF-Anexo 01;E;Padrão;<MR-9>;DespesaComPessoalDecorrenteDeTerceirizacaoPorSubstituicaoBruta;Outras Despesas de Pessoal decorrentes de Contratos de Terceirização ou de contratação de forma indireta (§ 1º do art. 18 da LRF);319540.09
2019;3;Q;Governo do Estado de Rondônia;11;RO;E;1757589;RGF-Anexo 01;E;Padrão;<MR-8>;DespesaComPessoalDecorrenteDeTerceirizacaoPorSubstituicaoBruta;Outras Despesas de Pessoal decorrentes de Contratos de Terceirização ou de contratação de forma indireta (§ 1º do art. 18 da LRF);4363195.62
2019;3;Q;Governo do Estado de Rondônia;11;RO;E;1757589;RGF-Anexo 01;E;Padrão;<MR-7>;DespesaComPessoalDecorrenteDeTerceirizacaoPorSubstituicaoBruta;Outras Despesas de Pessoal decorrentes de Contratos de Terceirização ou de contratação de forma indireta (§ 1º do art. 18 da LRF);3411527.92
2019;3;Q;Governo do Estado de Rondônia;11;RO;E;1757589;RGF-Anexo 01;E;Padrão;<MR-6>;DespesaComPessoalDecorrenteDeTerceirizacaoPorSubstituicaoBruta;Outras Despesas de Pessoal decorrentes de Contratos de Terceirização ou de contratação de forma indireta (§ 1º do art. 18 da LRF);5718380.2
2019;3;Q;Governo do Estado de Rondônia;11;RO;E;1757589;RGF-Anexo 01;E;Padrão;<MR-5>;DespesaComPessoalDecorrenteDeTerceirizacaoPorSubstituicaoBruta;Outras Despesas de Pessoal decorrentes de Contratos de Terceirização ou de contratação de forma indireta (§ 1º do art. 18 da LRF);4272945.94
2019;3;Q;Governo do Estado de Rondônia;11;RO;E;1757589;RGF-Anexo 01;E;Padrão;<MR-4>;DespesaComPessoalDecorrenteDeTerceirizacaoPorSubstituicaoBruta;Outras Despesas de Pessoal decorrentes de Contratos de Terceirização ou de contratação de forma indireta (§ 1º do art. 18 da LRF);1734518.86
2019;3;Q;Governo do Estado de Rondônia;11;RO;E;1757589;RGF-Anexo 01;E;Padrão;<MR-3>;DespesaComPessoalDecorrenteDeTerceirizacaoPorSubstituicaoBruta;Outras Despesas de Pessoal decorrentes de Contratos de Terceirização ou de contratação de forma indireta (§ 1º do art. 18 da LRF);5183722.81
2019;3;Q;Governo do Estado de Rondônia;11;RO;E;1757589;RGF-Anexo 01;E;Padrão;<MR-2>;DespesaComPessoalDecorrenteDeTerceirizacaoPorSubstituicaoBruta;Outras Despesas de Pessoal decorrentes de Contratos de Terceirização ou de contratação de forma indireta (§ 1º do art. 18 da LRF);3223464.33
2019;3;Q;Governo do Estado de Rondônia;11;RO;E;1757589;RGF-Anexo 01;E;Padrão;<MR-1>;DespesaComPessoalDecorrenteDeTerceirizacaoPorSubstituicaoBruta;Outras Despesas de Pessoal decorrentes de Contratos de Terceirização ou de contratação de forma indireta (§ 1º do art. 18 da LRF);3376160.28
2019;3;Q;Governo do Estado de Rondônia;11;RO;E;1757589;RGF-Anexo 01;E;Padrão;<MR>;DespesaComPessoalDecorrenteDeTerceirizacaoPorSubstituicaoBruta;Outras Despesas de Pessoal decorrentes de Contratos de Terceirização ou de contratação de forma indireta (§ 1º do art. 18 da LRF);4760542.02
2019;3;Q;Governo do Estado de Rondônia;11;RO;E;1757589;RGF-Anexo 01;E;Padrão;TOTAL (ÚLTIMOS 12 MESES) (a);DespesaComPessoalDecorrenteDeTerceirizacaoPorSubstituicaoBruta;Outras Despesas de Pessoal decorrentes de Contratos de Terceirização ou de contratação de forma indireta (§ 1º do art. 18 da LRF);36363998.07
2019;3;Q;Governo do Estado de Rondônia;11;RO;E;1757589;RGF-Anexo 01;E;Padrão;INSCRITAS EM RESTOS A PAGAR NÃO PROCESSADOS (b);DespesaComPessoalDecorrenteDeTerceirizacaoPorSubstituicaoBruta;Outras Despesas de Pessoal decorrentes de Contratos de Terceirização ou de contratação de forma indireta (§ 1º do art. 18 da LRF);5911602.32
2019;3;Q;Governo do Estado de Rondônia;11;RO;E;1757589;RGF-Anexo 01;E;Padrão;<MR-11>;DespesaComPessoalNaoComputada;DESPESAS NÃO COMPUTADAS (§ 1º do art. 19 da LRF) (II);41994526.52
2019;3;Q;Governo do Estado de Rondônia;11;RO;E;1757589;RGF-Anexo 01;E;Padrão;<MR-10>;DespesaComPessoalNaoComputada;DESPESAS NÃO COMPUTADAS (§ 1º do art. 19 da LRF) (II);42701305.97
2019;3;Q;Governo do Estado de Rondônia;11;RO;E;1757589;RGF-Anexo 01;E;Padrão;<MR-9>;DespesaComPessoalNaoComputada;DESPESAS NÃO COMPUTADAS (§ 1º do art. 19 da LRF) (II);43779734.39
2019;3;Q;Governo do Estado de Rondônia;11;RO;E;1757589;RGF-Anexo 01;E;Padrão;<MR-8>;DespesaComPessoalNaoComputada;DESPESAS NÃO COMPUTADAS (§ 1º do art. 19 da LRF) (II);45406047.69
2019;3;Q;Governo do Estado de Rondônia;11;RO;E;1757589;RGF-Anexo 01;E;Padrão;<MR-7>;DespesaComPessoalNaoComputada;DESPESAS NÃO COMPUTADAS (§ 1º do art. 19 da LRF) (II);44329913.08
2019;3;Q;Governo do Estado de Rondônia;11;RO;E;1757589;RGF-Anexo 01;E;Padrão;<MR-6>;DespesaComPessoalNaoComputada;DESPESAS NÃO COMPUTADAS (§ 1º do art. 19 da LRF) (II);44979951.67
2019;3;Q;Governo do Estado de Rondônia;11;RO;E;1757589;RGF-Anexo 01;E;Padrão;<MR-5>;DespesaComPessoalNaoComputada;DESPESAS NÃO COMPUTADAS (§ 1º do art. 19 da LRF) (II);67288939.11
2019;3;Q;Governo do Estado de Rondônia;11;RO;E;1757589;RGF-Anexo 01;E;Padrão;<MR-4>;DespesaComPessoalNaoComputada;DESPESAS NÃO COMPUTADAS (§ 1º do art. 19 da LRF) (II);47710135.93
2019;3;Q;Governo do Estado de Rondônia;11;RO;E;1757589;RGF-Anexo 01;E;Padrão;<MR-3>;DespesaComPessoalNaoComputada;DESPESAS NÃO COMPUTADAS (§ 1º do art. 19 da LRF) (II);19507478.71
2019;3;Q;Governo do Estado de Rondônia;11;RO;E;1757589;RGF-Anexo 01;E;Padrão;<MR-2>;DespesaComPessoalNaoComputada;DESPESAS NÃO COMPUTADAS (§ 1º do art. 19 da LRF) (II);8976346.15
2019;3;Q;Governo do Estado de Rondônia;11;RO;E;1757589;RGF-Anexo 01;E;Padrão;<MR-1>;DespesaComPessoalNaoComputada;DESPESAS NÃO COMPUTADAS (§ 1º do art. 19 da LRF) (II);41925080.81
2019;3;Q;Governo do Estado de Rondônia;11;RO;E;1757589;RGF-Anexo 01;E;Padrão;<MR>;DespesaComPessoalNaoComputada;DESPESAS NÃO COMPUTADAS (§ 1º do art. 19 da LRF) (II);61118289.13
2019;3;Q;Governo do Estado de Rondônia;11;RO;E;1757589;RGF-Anexo 01;E;Padrão;TOTAL (ÚLTIMOS 12 MESES) (a);DespesaComPessoalNaoComputada;DESPESAS NÃO COMPUTADAS (§ 1º do art. 19 da LRF) (II);509717749.16
2019;3;Q;Governo do Estado de Rondônia;11;RO;E;1757589;RGF-Anexo 01;E;Padrão;INSCRITAS EM RESTOS A PAGAR NÃO PROCESSADOS (b);DespesaComPessoalNaoComputada;DESPESAS NÃO COMPUTADAS (§ 1º do art. 19 da LRF) (II);3250.55
2019;3;Q;Governo do Estado de Rondônia;11;RO;E;1757589;RGF-Anexo 01;E;Padrão;<MR-7>;DespesaComPessoalNaoComputadaIndenizacaoDemissaoVoluntaria;Indenizações por Demissão e Incentivos à Demissão Voluntária;9072.29
2019;3;Q;Governo do Estado de Rondônia;11;RO;E;1757589;RGF-Anexo 01;E;Padrão;<MR-6>;DespesaComPessoalNaoComputadaIndenizacaoDemissaoVoluntaria;Indenizações por Demissão e Incentivos à Demissão Voluntária;427550.04
2019;3;Q;Governo do Estado de Rondônia;11;RO;E;1757589;RGF-Anexo 01;E;Padrão;<MR-5>;DespesaComPessoalNaoComputadaIndenizacaoDemissaoVoluntaria;Indenizações por Demissão e Incentivos à Demissão Voluntária;132936.2
2019;3;Q;Governo do Estado de Rondônia;11;RO;E;1757589;RGF-Anexo 01;E;Padrão;<MR-4>;DespesaComPessoalNaoComputadaIndenizacaoDemissaoVoluntaria;Indenizações por Demissão e Incentivos à Demissão Voluntária;308628.21
2019;3;Q;Governo do Estado de Rondônia;11;RO;E;1757589;RGF-Anexo 01;E;Padrão;<MR-3>;DespesaComPessoalNaoComputadaIndenizacaoDemissaoVoluntaria;Indenizações por Demissão e Incentivos à Demissão Voluntária;86467.28
2019;3;Q;Governo do Estado de Rondônia;11;RO;E;1757589;RGF-Anexo 01;E;Padrão;<MR-1>;DespesaComPessoalNaoComputadaIndenizacaoDemissaoVoluntaria;Indenizações por Demissão e Incentivos à Demissão Voluntária;57770.09
2019;3;Q;Governo do Estado de Rondônia;11;RO;E;1757589;RGF-Anexo 01;E;Padrão;<MR>;DespesaComPessoalNaoComputadaIndenizacaoDemissaoVoluntaria;Indenizações por Demissão e Incentivos à Demissão Voluntária;93164.23
2019;3;Q;Governo do Estado de Rondônia;11;RO;E;1757589;RGF-Anexo 01;E;Padrão;TOTAL (ÚLTIMOS 12 MESES) (a);DespesaComPessoalNaoComputadaIndenizacaoDemissaoVoluntaria;Indenizações por Demissão e Incentivos à Demissão Voluntária;1115588.34
2019;3;Q;Governo do Estado de Rondônia;11;RO;E;1757589;RGF-Anexo 01;E;Padrão;<MR-10>;DespesaComPessoalNaoComputadaDecisaoJudicialPeriodoAnteriorAoDaApuracao;Decorrentes de Decisão Judicial de Período Anterior ao da Apuração;13308.89
2019;3;Q;Governo do Estado de Rondônia;11;RO;E;1757589;RGF-Anexo 01;E;Padrão;<MR-9>;DespesaComPessoalNaoComputadaDecisaoJudicialPeriodoAnteriorAoDaApuracao;Decorrentes de Decisão Judicial de Período Anterior ao da Apuração;15017.8
2019;3;Q;Governo do Estado de Rondônia;11;RO;E;1757589;RGF-Anexo 01;E;Padrão;<MR-8>;DespesaComPessoalNaoComputadaDecisaoJudicialPeriodoAnteriorAoDaApuracao;Decorrentes de Decisão Judicial de Período Anterior ao da Apuração;1613570.08
2019;3;Q;Governo do Estado de Rondônia;11;RO;E;1757589;RGF-Anexo 01;E;Padrão;<MR-7>;DespesaComPessoalNaoComputadaDecisaoJudicialPeriodoAnteriorAoDaApuracao;Decorrentes de Decisão Judicial de Período Anterior ao da Apuração;144939.5
2019;3;Q;Governo do Estado de Rondônia;11;RO;E;1757589;RGF-Anexo 01;E;Padrão;<MR-6>;DespesaComPessoalNaoComputadaDecisaoJudicialPeriodoAnteriorAoDaApuracao;Decorrentes de Decisão Judicial de Período Anterior ao da Apuração;95520.08
2019;3;Q;Governo do Estado de Rondônia;11;RO;E;1757589;RGF-Anexo 01;E;Padrão;<MR-5>;DespesaComPessoalNaoComputadaDecisaoJudicialPeriodoAnteriorAoDaApuracao;Decorrentes de Decisão Judicial de Período Anterior ao da Apuração;36640.15
2019;3;Q;Governo do Estado de Rondônia;11;RO;E;1757589;RGF-Anexo 01;E;Padrão;<MR-4>;DespesaComPessoalNaoComputadaDecisaoJudicialPeriodoAnteriorAoDaApuracao;Decorrentes de Decisão Judicial de Período Anterior ao da Apuração;1598675.29
2019;3;Q;Governo do Estado de Rondônia;11;RO;E;1757589;RGF-Anexo 01;E;Padrão;<MR-3>;DespesaComPessoalNaoComputadaDecisaoJudicialPeriodoAnteriorAoDaApuracao;Decorrentes de Decisão Judicial de Período Anterior ao da Apuração;168031.89
2019;3;Q;Governo do Estado de Rondônia;11;RO;E;1757589;RGF-Anexo 01;E;Padrão;<MR-2>;DespesaComPessoalNaoComputadaDecisaoJudicialPeriodoAnteriorAoDaApuracao;Decorrentes de Decisão Judicial de Período Anterior ao da Apuração;1387276.42
2019;3;Q;Governo do Estado de Rondônia;11;RO;E;1757589;RGF-Anexo 01;E;Padrão;<MR-1>;DespesaComPessoalNaoComputadaDecisaoJudicialPeriodoAnteriorAoDaApuracao;Decorrentes de Decisão Judicial de Período Anterior ao da Apuração;174642.17
2019;3;Q;Governo do Estado de Rondônia;11;RO;E;1757589;RGF-Anexo 01;E;Padrão;<MR>;DespesaComPessoalNaoComputadaDecisaoJudicialPeriodoAnteriorAoDaApuracao;Decorrentes de Decisão Judicial de Período Anterior ao da Apuração;174957.34
2019;3;Q;Governo do Estado de Rondônia;11;RO;E;1757589;RGF-Anexo 01;E;Padrão;TOTAL (ÚLTIMOS 12 MESES) (a);DespesaComPessoalNaoComputadaDecisaoJudicialPeriodoAnteriorAoDaApuracao;Decorrentes de Decisão Judicial de Período Anterior ao da Apuração;5422579.61
2019;3;Q;Governo do Estado de Rondônia;11;RO;E;1757589;RGF-Anexo 01;E;Padrão;INSCRITAS EM RESTOS A PAGAR NÃO PROCESSADOS (b);DespesaComPessoalNaoComputadaDecisaoJudicialPeriodoAnteriorAoDaApuracao;Decorrentes de Decisão Judicial de Período Anterior ao da Apuração;3250.55
2019;3;Q;Governo do Estado de Rondônia;11;RO;E;1757589;RGF-Anexo 01;E;Padrão;<MR-10>;DespesaComPessoalNaoComputadaExerciciosAnterioresAoPeriodoDaApuracao;Despesas de Exercícios Anteriores de Período Anterior ao da Apuração;124625.0
2019;3;Q;Governo do Estado de Rondônia;11;RO;E;1757589;RGF-Anexo 01;E;Padrão;<MR-5>;DespesaComPessoalNaoComputadaExerciciosAnterioresAoPeriodoDaApuracao;Despesas de Exercícios Anteriores de Período Anterior ao da Apuração;14640.23
2019;3;Q;Governo do Estado de Rondônia;11;RO;E;1757589;RGF-Anexo 01;E;Padrão;<MR-4>;DespesaComPessoalNaoComputadaExerciciosAnterioresAoPeriodoDaApuracao;Despesas de Exercícios Anteriores de Período Anterior ao da Apuração;127484.65
2019;3;Q;Governo do Estado de Rondônia;11;RO;E;1757589;RGF-Anexo 01;E;Padrão;<MR-3>;DespesaComPessoalNaoComputadaExerciciosAnterioresAoPeriodoDaApuracao;Despesas de Exercícios Anteriores de Período Anterior ao da Apuração;579146.77
2019;3;Q;Governo do Estado de Rondônia;11;RO;E;1757589;RGF-Anexo 01;E;Padrão;<MR-2>;DespesaComPessoalNaoComputadaExerciciosAnterioresAoPeriodoDaApuracao;Despesas de Exercícios Anteriores de Período Anterior ao da Apuração;114279.03
2019;3;Q;Governo do Estado de Rondônia;11;RO;E;1757589;RGF-Anexo 01;E;Padrão;<MR-1>;DespesaComPessoalNaoComputadaExerciciosAnterioresAoPeriodoDaApuracao;Despesas de Exercícios Anteriores de Período Anterior ao da Apuração;27372.94
2019;3;Q;Governo do Estado de Rondônia;11;RO;E;1757589;RGF-Anexo 01;E;Padrão;<MR>;DespesaComPessoalNaoComputadaExerciciosAnterioresAoPeriodoDaApuracao;Despesas de Exercícios Anteriores de Período Anterior ao da Apuração;36962.22
2019;3;Q;Governo do Estado de Rondônia;11;RO;E;1757589;RGF-Anexo 01;E;Padrão;TOTAL (ÚLTIMOS 12 MESES) (a);DespesaComPessoalNaoComputadaExerciciosAnterioresAoPeriodoDaApuracao;Despesas de Exercícios Anteriores de Período Anterior ao da Apuração;1024510.84
2019;3;Q;Governo do Estado de Rondônia;11;RO;E;1757589;RGF-Anexo 01;E;Padrão;<MR-11>;DespesaComPessoalNaoComputadaInativosEPensionistasComRecursosVinculados;Inativos e Pensionistas com Recursos Vinculados;41994526.52
2019;3;Q;Governo do Estado de Rondônia;11;RO;E;1757589;RGF-Anexo 01;E;Padrão;<MR-10>;DespesaComPessoalNaoComputadaInativosEPensionistasComRecursosVinculados;Inativos e Pensionistas com Recursos Vinculados;42563372.08
2019;3;Q;Governo do Estado de Rondônia;11;RO;E;1757589;RGF-Anexo 01;E;Padrão;<MR-9>;DespesaComPessoalNaoComputadaInativosEPensionistasComRecursosVinculados;Inativos e Pensionistas com Recursos Vinculados;43764716.59
2019;3;Q;Governo do Estado de Rondônia;11;RO;E;1757589;RGF-Anexo 01;E;Padrão;<MR-8>;DespesaComPessoalNaoComputadaInativosEPensionistasComRecursosVinculados;Inativos e Pensionistas com Recursos Vinculados;43792477.61
2019;3;Q;Governo do Estado de Rondônia;11;RO;E;1757589;RGF-Anexo 01;E;Padrão;<MR-7>;DespesaComPessoalNaoComputadaInativosEPensionistasComRecursosVinculados;Inativos e Pensionistas com Recursos Vinculados;44175901.29
2019;3;Q;Governo do Estado de Rondônia;11;RO;E;1757589;RGF-Anexo 01;E;Padrão;<MR-6>;DespesaComPessoalNaoComputadaInativosEPensionistasComRecursosVinculados;Inativos e Pensionistas com Recursos Vinculados;44456881.55
2019;3;Q;Governo do Estado de Rondônia;11;RO;E;1757589;RGF-Anexo 01;E;Padrão;<MR-5>;DespesaComPessoalNaoComputadaInativosEPensionistasComRecursosVinculados;Inativos e Pensionistas com Recursos Vinculados;67104722.53
2019;3;Q;Governo do Estado de Rondônia;11;RO;E;1757589;RGF-Anexo 01;E;Padrão;<MR-4>;DespesaComPessoalNaoComputadaInativosEPensionistasComRecursosVinculados;Inativos e Pensionistas com Recursos Vinculados;45675347.78
2019;3;Q;Governo do Estado de Rondônia;11;RO;E;1757589;RGF-Anexo 01;E;Padrão;<MR-3>;DespesaComPessoalNaoComputadaInativosEPensionistasComRecursosVinculados;Inativos e Pensionistas com Recursos Vinculados;18673832.77
2019;3;Q;Governo do Estado de Rondônia;11;RO;E;1757589;RGF-Anexo 01;E;Padrão;<MR-2>;DespesaComPessoalNaoComputadaInativosEPensionistasComRecursosVinculados;Inativos e Pensionistas com Recursos Vinculados;7474790.7
2019;3;Q;Governo do Estado de Rondônia;11;RO;E;1757589;RGF-Anexo 01;E;Padrão;<MR-1>;DespesaComPessoalNaoComputadaInativosEPensionistasComRecursosVinculados;Inativos e Pensionistas com Recursos Vinculados;41665295.61
2019;3;Q;Governo do Estado de Rondônia;11;RO;E;1757589;RGF-Anexo 01;E;Padrão;<MR>;DespesaComPessoalNaoComputadaInativosEPensionistasComRecursosVinculados;Inativos e Pensionistas com Recursos Vinculados;60813205.34
2019;3;Q;Governo do Estado de Rondônia;11;RO;E;1757589;RGF-Anexo 01;E;Padrão;TOTAL (ÚLTIMOS 12 MESES) (a);DespesaComPessoalNaoComputadaInativosEPensionistasComRecursosVinculados;Inativos e Pensionistas com Recursos Vinculados;502155070.37
2019;3;Q;Governo do Estado de Rondônia;11;RO;E;1757589;RGF-Anexo 01;E;Padrão;<MR-11>;DespesaComPessoalLiquida;DESPESA LÍQUIDA COM PESSOAL (III) = (I - II);208595106.2
2019;3;Q;Governo do Estado de Rondônia;11;RO;E;1757589;RGF-Anexo 01;E;Padrão;<MR-10>;DespesaComPessoalLiquida;DESPESA LÍQUIDA COM PESSOAL (III) = (I - II);226133468.36
2019;3;Q;Governo do Estado de Rondônia;11;RO;E;1757589;RGF-Anexo 01;E;Padrão;<MR-9>;DespesaComPessoalLiquida;DESPESA LÍQUIDA COM PESSOAL (III) = (I - II);208864118.6
2019;3;Q;Governo do Estado de Rondônia;11;RO;E;1757589;RGF-Anexo 01;E;Padrão;<MR-8>;DespesaComPessoalLiquida;DESPESA LÍQUIDA COM PESSOAL (III) = (I - II);229808811.35
2019;3;Q;Governo do Estado de Rondônia;11;RO;E;1757589;RGF-Anexo 01;E;Padrão;<MR-7>;DespesaComPessoalLiquida;DESPESA LÍQUIDA COM PESSOAL (III) = (I - II);227419353.67
2019;3;Q;Governo do Estado de Rondônia;11;RO;E;1757589;RGF-Anexo 01;E;Padrão;<MR-6>;DespesaComPessoalLiquida;DESPESA LÍQUIDA COM PESSOAL (III) = (I - II);252862941.72
2019;3;Q;Governo do Estado de Rondônia;11;RO;E;1757589;RGF-Anexo 01;E;Padrão;<MR-5>;DespesaComPessoalLiquida;DESPESA LÍQUIDA COM PESSOAL (III) = (I - II);308613629.4
2019;3;Q;Governo do Estado de Rondônia;11;RO;E;1757589;RGF-Anexo 01;E;Padrão;<MR-4>;DespesaComPessoalLiquida;DESPESA LÍQUIDA COM PESSOAL (III) = (I - II);227913395.09
2019;3;Q;Governo do Estado de Rondônia;11;RO;E;1757589;RGF-Anexo 01;E;Padrão;<MR-3>;DespesaComPessoalLiquida;DESPESA LÍQUIDA COM PESSOAL (III) = (I - II);239295367.2
2019;3;Q;Governo do Estado de Rondônia;11;RO;E;1757589;RGF-Anexo 01;E;Padrão;<MR-2>;DespesaComPessoalLiquida;DESPESA LÍQUIDA COM PESSOAL (III) = (I - II);225889873.14
2019;3;Q;Governo do Estado de Rondônia;11;RO;E;1757589;RGF-Anexo 01;E;Padrão;<MR-1>;DespesaComPessoalLiquida;DESPESA LÍQUIDA COM PESSOAL (III) = (I - II);276427379.42
2019;3;Q;Governo do Estado de Rondônia;11;RO;E;1757589;RGF-Anexo 01;E;Padrão;<MR>;DespesaComPessoalLiquida;DESPESA LÍQUIDA COM PESSOAL (III) = (I - II);434495573.07
2019;3;Q;Governo do Estado de Rondônia;11;RO;E;1757589;RGF-Anexo 01;E;Padrão;TOTAL (ÚLTIMOS 12 MESES) (a);DespesaComPessoalLiquida;DESPESA LÍQUIDA COM PESSOAL (III) = (I - II);3066319017.22
2019;3;Q;Governo do Estado de Rondônia;11;RO;E;1757589;RGF-Anexo 01;E;Padrão;INSCRITAS EM RESTOS A PAGAR NÃO PROCESSADOS (b);DespesaComPessoalLiquida;DESPESA LÍQUIDA COM PESSOAL (III) = (I - II);20286513.52
2019;3;Q;Governo do Estado de Rondônia;11;RO;E;1757589;RGF-Anexo 01;E;Padrão;Valor;ReceitaCorrenteLiquidaLimiteLegal;RECEITA CORRENTE LIQUIDA - RCL (IV);7743045299.48
2019;3;Q;Governo do Estado de Rondônia;11;RO;E;1757589;RGF-Anexo 01;E;Padrão;Valor;TransferenciasObrigatoriasDaUniaoRelativasAsEmendasIndividuais;(-) Transferências Obrigatórias da União Relativas às Emendas Individuais (V) (§13º, art. 166 da CF);1000000.0
2019;3;Q;Governo do Estado de Rondônia;11;RO;E;1757589;RGF-Anexo 01;E;Padrão;Valor;ReceitaCorrenteLiquidaAjustada;= RECEITA CORRENTE LÍQUIDA AJUSTADA (VI);7742045299.48
2019;3;Q;Governo do Estado de Rondônia;11;RO;E;1757589;RGF-Anexo 01;E;Padrão;Valor;DespesaComPessoalTotal;DESPESA TOTAL COM PESSOAL - DTP (VII) = (IIIa + IIIb);3086605530.74
2019;3;Q;Governo do Estado de Rondônia;11;RO;E;1757589;RGF-Anexo 01;E;Padrão;% sobre a RCL Ajustada;DespesaComPessoalTotal;DESPESA TOTAL COM PESSOAL - DTP (VII) = (IIIa + IIIb);39.87
2019;3;Q;Governo do Estado de Rondônia;11;RO;E;1757589;RGF-Anexo 01;E;Padrão;Valor;LimiteMaximoDespesaComPessoalTotal;LIMITE MÁXIMO (VIII) (incisos I, II e III, art. 20 da LRF);3793602196.75
2019;3;Q;Governo do Estado de Rondônia;11;RO;E;1757589;RGF-Anexo 01;E;Padrão;% sobre a RCL Ajustada;LimiteMaximoDespesaComPessoalTotal;LIMITE MÁXIMO (VIII) (incisos I, II e III, art. 20 da LRF);49.0
2019;3;Q;Governo do Estado de Rondônia;11;RO;E;1757589;RGF-Anexo 01;E;Padrão;Valor;LimitePrudencialDespesaComPessoalTotal;LIMITE PRUDENCIAL (IX) = (0,95 x VIII) (parágrafo único do art. 22 da LRF);3603922086.91
2019;3;Q;Governo do Estado de Rondônia;11;RO;E;1757589;RGF-Anexo 01;E;Padrão;% sobre a RCL Ajustada;LimitePrudencialDespesaComPessoalTotal;LIMITE PRUDENCIAL (IX) = (0,95 x VIII) (parágrafo único do art. 22 da LRF);46.55
2019;3;Q;Governo do Estado de Rondônia;11;RO;E;1757589;RGF-Anexo 01;E;Padrão;Valor;LimiteDeAlertaDespesaComPessoalTotal;LIMITE DE ALERTA (X) = (0,90 x VIII) (inciso II do §1º do art. 59 da LRF);3414241977.08
2019;3;Q;Governo do Estado de Rondônia;11;RO;E;1757589;RGF-Anexo 01;E;Padrão;% sobre a RCL Ajustada;LimiteDeAlertaDespesaComPessoalTotal;LIMITE DE ALERTA (X) = (0,90 x VIII) (inciso II do §1º do art. 59 da LRF);44.1
2019;3;Q;Governo do Estado de Rondônia;11;RO;E;1757589;RGF-Anexo 02;E;Padrão;SALDO DO EXERCÍCIO ANTERIOR;DividaConsolidada;DÍVIDA CONSOLIDADA - DC (I);4541483099.26
2019;3;Q;Governo do Estado de Rondônia;11;RO;E;1757589;RGF-Anexo 02;E;Padrão;Até o 1º Quadrimestre;DividaConsolidada;DÍVIDA CONSOLIDADA - DC (I);4375740457.35
2019;3;Q;Governo do Estado de Rondônia;11;RO;E;1757589;RGF-Anexo 02;E;Padrão;Até o 2º Quadrimestre;DividaConsolidada;DÍVIDA CONSOLIDADA - DC (I);4274479740.93
2019;3;Q;Governo do Estado de Rondônia;11;RO;E;1757589;RGF-Anexo 02;E;Padrão;Até o 3º Quadrimestre;DividaConsolidada;DÍVIDA CONSOLIDADA - DC (I);4463319242.57
2019;3;Q;Governo do Estado de Rondônia;11;RO;E;1757589;RGF-Anexo 02;E;Padrão;SALDO DO EXERCÍCIO ANTERIOR;DividaContratual;Dívida Contratual;3169654354.34
2019;3;Q;Governo do Estado de Rondônia;11;RO;E;1757589;RGF-Anexo 02;E;Padrão;Até o 1º Quadrimestre;DividaContratual;Dívida Contratual;3124759591.07
2019;3;Q;Governo do Estado de Rondônia;11;RO;E;1757589;RGF-Anexo 02;E;Padrão;Até o 2º Quadrimestre;DividaContratual;Dívida Contratual;3079600447.9
2019;3;Q;Governo do Estado de Rondônia;11;RO;E;1757589;RGF-Anexo 02;E;Padrão;Até o 3º Quadrimestre;DividaContratual;Dívida Contratual;3028541248.69
2019;3;Q;Governo do Estado de Rondônia;11;RO;E;1757589;RGF-Anexo 02;E;Padrão;SALDO DO EXERCÍCIO ANTERIOR;RGF2Emprestimos;Empréstimos;472098955.67
2019;3;Q;Governo do Estado de Rondônia;11;RO;E;1757589;RGF-Anexo 02;E;Padrão;Até o 1º Quadrimestre;RGF2Emprestimos;Empréstimos;450777994.94
2019;3;Q;Governo do Estado de Rondônia;11;RO;E;1757589;RGF-Anexo 02;E;Padrão;Até o 2º Quadrimestre;RGF2Emprestimos;Empréstimos;430258693.27
2019;3;Q;Governo do Estado de Rondônia;11;RO;E;1757589;RGF-Anexo 02;E;Padrão;Até o 3º Quadrimestre;RGF2Emprestimos;Empréstimos;401354402.54
2019;3;Q;Governo do Estado de Rondônia;11;RO;E;1757589;RGF-Anexo 02;E;Padrão;SALDO DO EXERCÍCIO ANTERIOR;RGF2EmprestimosInternos;Internos;450202729.6
2019;3;Q;Governo do Estado de Rondônia;11;RO;E;1757589;RGF-Anexo 02;E;Padrão;Até o 1º Quadrimestre;RGF2EmprestimosInternos;Internos;428479925.48
2019;3;Q;Governo do Estado de Rondônia;11;RO;E;1757589;RGF-Anexo 02;E;Padrão;Até o 2º Quadrimestre;RGF2EmprestimosInternos;Internos;407734991.16
2019;3;Q;Governo do Estado de Rondônia;11;RO;E;1757589;RGF-Anexo 02;E;Padrão;Até o 3º Quadrimestre;RGF2EmprestimosInternos;Internos;380261130.61
2019;3;Q;Governo do Estado de Rondônia;11;RO;E;1757589;RGF-Anexo 02;E;Padrão;SALDO DO EXERCÍCIO ANTERIOR;RGF2EmprestimosExternos;Externos;21896226.07
2019;3;Q;Governo do Estado de Rondônia;11;RO;E;1757589;RGF-Anexo 02;E;Padrão;Até o 1º Quadrimestre;RGF2EmprestimosExternos;Externos;22298069.46
2019;3;Q;Governo do Estado de Rondônia;11;RO;E;1757589;RGF-Anexo 02;E;Padrão;Até o 2º Quadrimestre;RGF2EmprestimosExternos;Externos;22523702.11
2019;3;Q;Governo do Estado de Rondônia;11;RO;E;1757589;RGF-Anexo 02;E;Padrão;Até o 3º Quadrimestre;RGF2EmprestimosExternos;Externos;21093271.93
2019;3;Q;Governo do Estado de Rondônia;11;RO;E;1757589;RGF-Anexo 02;E;Padrão;SALDO DO EXERCÍCIO ANTERIOR;RGF2ReestruturacaoDaDividaDeEstadosEMunicipios;Reestruturação da Dívida de Estados e Municípios;2566926575.94
2019;3;Q;Governo do Estado de Rondônia;11;RO;E;1757589;RGF-Anexo 02;E;Padrão;Até o 1º Quadrimestre;RGF2ReestruturacaoDaDividaDeEstadosEMunicipios;Reestruturação da Dívida de Estados e Municípios;2549000212.25
2019;3;Q;Governo do Estado de Rondônia;11;RO;E;1757589;RGF-Anexo 02;E;Padrão;Até o 2º Quadrimestre;RGF2ReestruturacaoDaDividaDeEstadosEMunicipios;Reestruturação da Dívida de Estados e Municípios;2529882896.99
2019;3;Q;Governo do Estado de Rondônia;11;RO;E;1757589;RGF-Anexo 02;E;Padrão;Até o 3º Quadrimestre;RGF2ReestruturacaoDaDividaDeEstadosEMunicipios;Reestruturação da Dívida de Estados e Municípios;2510529010.54
2019;3;Q;Governo do Estado de Rondônia;11;RO;E;1757589;RGF-Anexo 02;E;Padrão;SALDO DO EXERCÍCIO ANTERIOR;RGF2ParcelamentoERenegociacaoDeDividas;Parcelamento e Renegociação de Dívidas;130628822.73
2019;3;Q;Governo do Estado de Rondônia;11;RO;E;1757589;RGF-Anexo 02;E;Padrão;Até o 1º Quadrimestre;RGF2ParcelamentoERenegociacaoDeDividas;Parcelamento e Renegociação de Dívidas;124981383.88
2019;3;Q;Governo do Estado de Rondônia;11;RO;E;1757589;RGF-Anexo 02;E;Padrão;Até o 2º Quadrimestre;RGF2ParcelamentoERenegociacaoDeDividas;Parcelamento e Renegociação de Dívidas;119458857.64
2019;3;Q;Governo do Estado de Rondônia;11;RO;E;1757589;RGF-Anexo 02;E;Padrão;Até o 3º Quadrimestre;RGF2ParcelamentoERenegociacaoDeDividas;Parcelamento e Renegociação de Dívidas;116657835.61
2019;3;Q;Governo do Estado de Rondônia;11;RO;E;1757589;RGF-Anexo 02;E;Padrão;SALDO DO EXERCÍCIO ANTERIOR;RGF2ParcelamentoERenegociacaoDeDividasDeTributos;De Tributos;6428636.34
2019;3;Q;Governo do Estado de Rondônia;11;RO;E;1757589;RGF-Anexo 02;E;Padrão;Até o 1º Quadrimestre;RGF2ParcelamentoERenegociacaoDeDividasDeTributos;De Tributos;6121277.75
2019;3;Q;Governo do Estado de Rondônia;11;RO;E;1757589;RGF-Anexo 02;E;Padrão;Até o 2º Quadrimestre;RGF2ParcelamentoERenegociacaoDeDividasDeTributos;De Tributos;5908363.75
2019;3;Q;Governo do Estado de Rondônia;11;RO;E;1757589;RGF-Anexo 02;E;Padrão;Até o 3º Quadrimestre;RGF2ParcelamentoERenegociacaoDeDividasDeTributos;De Tributos;5695449.75
2019;3;Q;Governo do Estado de Rondônia;11;RO;E;1757589;RGF-Anexo 02;E;Padrão;SALDO DO EXERCÍCIO ANTERIOR;RGF2ParcelamentoERenegociacaoDeDividasDeContribuicoesSociaisPrevidenciarias;De Contribuições Previdenciárias;101126168.45
2019;3;Q;Governo do Estado de Rondônia;11;RO;E;1757589;RGF-Anexo 02;E;Padrão;Até o 1º Quadrimestre;RGF2ParcelamentoERenegociacaoDeDividasDeContribuicoesSociaisPrevidenciarias;De Contribuições Previdenciárias;96095252.03
2019;3;Q;Governo do Estado de Rondônia;11;RO;E;1757589;RGF-Anexo 02;E;Padrão;Até o 2º Quadrimestre;RGF2ParcelamentoERenegociacaoDeDividasDeContribuicoesSociaisPrevidenciarias;De Contribuições Previdenciárias;91095326.39
2019;3;Q;Governo do Estado de Rondônia;11;RO;E;1757589;RGF-Anexo 02;E;Padrão;Até o 3º Quadrimestre;RGF2ParcelamentoERenegociacaoDeDividasDeContribuicoesSociaisPrevidenciarias;De Contribuições Previdenciárias;88816904.96
2019;3;Q;Governo do Estado de Rondônia;11;RO;E;1757589;RGF-Anexo 02;E;Padrão;SALDO DO EXERCÍCIO ANTERIOR;RGF2ParcelamentoERenegociacaoDeDividasDeContribuicoesSociaisDemaisContribuicoesSociais;De Demais Contribuições Sociais;18900998.15
2019;3;Q;Governo do Estado de Rondônia;11;RO;E;1757589;RGF-Anexo 02;E;Padrão;Até o 1º Quadrimestre;RGF2ParcelamentoERenegociacaoDeDividasDeContribuicoesSociaisDemaisContribuicoesSociais;De Demais Contribuições Sociais;18900998.15
2019;3;Q;Governo do Estado de Rondônia;11;RO;E;1757589;RGF-Anexo 02;E;Padrão;Até o 2º Quadrimestre;RGF2ParcelamentoERenegociacaoDeDividasDeContribuicoesSociaisDemaisContribuicoesSociais;De Demais Contribuições Sociais;19210684.75
2019;3;Q;Governo do Estado de Rondônia;11;RO;E;1757589;RGF-Anexo 02;E;Padrão;Até o 3º Quadrimestre;RGF2ParcelamentoERenegociacaoDeDividasDeContribuicoesSociaisDemaisContribuicoesSociais;De Demais Contribuições Sociais;19832504.35
2019;3;Q;Governo do Estado de Rondônia;11;RO;E;1757589;RGF-Anexo 02;E;Padrão;SALDO DO EXERCÍCIO ANTERIOR;RGF2ParcelamentoERenegociacaoDeDividasDoFGTS;Do FGTS;4173019.79
2019;3;Q;Governo do Estado de Rondônia;11;RO;E;1757589;RGF-Anexo 02;E;Padrão;Até o 1º Quadrimestre;RGF2ParcelamentoERenegociacaoDeDividasDoFGTS;Do FGTS;3863855.95
2019;3;Q;Governo do Estado de Rondônia;11;RO;E;1757589;RGF-Anexo 02;E;Padrão;Até o 2º Quadrimestre;RGF2ParcelamentoERenegociacaoDeDividasDoFGTS;Do FGTS;3244482.75
2019;3;Q;Governo do Estado de Rondônia;11;RO;E;1757589;RGF-Anexo 02;E;Padrão;Até o 3º Quadrimestre;RGF2ParcelamentoERenegociacaoDeDividasDoFGTS;Do FGTS;2312976.55
2019;3;Q;Governo do Estado de Rondônia;11;RO;E;1757589;RGF-Anexo 02;E;Padrão;SALDO DO EXERCÍCIO ANTERIOR;PrecatoriosPosterioresA05052000VencidosENaoPagos;Precatórios Posteriores a 05/05/2000 (inclusive) Vencidos e Não Pagos;1371828744.92
2019;3;Q;Governo do Estado de Rondônia;11;RO;E;1757589;RGF-Anexo 02;E;Padrão;Até o 1º Quadrimestre;PrecatoriosPosterioresA05052000VencidosENaoPagos;Precatórios Posteriores a 05/05/2000 (inclusive) Vencidos e Não Pagos;1250980866.28
2019;3;Q;Governo do Estado de Rondônia;11;RO;E;1757589;RGF-Anexo 02;E;Padrão;Até o 2º Quadrimestre;PrecatoriosPosterioresA05052000VencidosENaoPagos;Precatórios Posteriores a 05/05/2000 (inclusive) Vencidos e Não Pagos;1194879293.03
2019;3;Q;Governo do Estado de Rondônia;11;RO;E;1757589;RGF-Anexo 02;E;Padrão;Até o 3º Quadrimestre;PrecatoriosPosterioresA05052000VencidosENaoPagos;Precatórios Posteriores a 05/05/2000 (inclusive) Vencidos e Não Pagos;1434777993.88
2019;3;Q;Governo do Estado de Rondônia;11;RO;E;1757589;RGF-Anexo 02;E;Padrão;SALDO DO EXERCÍCIO ANTERIOR;DeducoesDaDividaConsolidada;DEDUÇÕES (II);1279829743.91
2019;3;Q;Governo do Estado de Rondônia;11;RO;E;1757589;RGF-Anexo 02;E;Padrão;Até o 1º Quadrimestre;DeducoesDaDividaConsolidada;DEDUÇÕES (II);2007313291.53
2019;3;Q;Governo do Estado de Rondônia;11;RO;E;1757589;RGF-Anexo 02;E;Padrão;Até o 2º Quadrimestre;DeducoesDaDividaConsolidada;DEDUÇÕES (II);2186272399.02
2019;3;Q;Governo do Estado de Rondônia;11;RO;E;1757589;RGF-Anexo 02;E;Padrão;Até o 3º Quadrimestre;DeducoesDaDividaConsolidada;DEDUÇÕES (II);2301625583.26
2019;3;Q;Governo do Estado de Rondônia;11;RO;E;1757589;RGF-Anexo 02;E;Padrão;SALDO DO EXERCÍCIO ANTERIOR;RGF2DisponibilidadeDeCaixa;Disponibilidade de Caixa;1259996460.36
2019;3;Q;Governo do Estado de Rondônia;11;RO;E;1757589;RGF-Anexo 02;E;Padrão;Até o 1º Quadrimestre;RGF2DisponibilidadeDeCaixa;Disponibilidade de Caixa;1987547066.56
2019;3;Q;Governo do Estado de Rondônia;11;RO;E;1757589;RGF-Anexo 02;E;Padrão;Até o 2º Quadrimestre;RGF2DisponibilidadeDeCaixa;Disponibilidade de Caixa;2166506174.05
2019;3;Q;Governo do Estado de Rondônia;11;RO;E;1757589;RGF-Anexo 02;E;Padrão;Até o 3º Quadrimestre;RGF2DisponibilidadeDeCaixa;Disponibilidade de Caixa;2279800048.07
2019;3;Q;Governo do Estado de Rondônia;11;RO;E;1757589;RGF-Anexo 02;E;Padrão;SALDO DO EXERCÍCIO ANTERIOR;DisponibilidadeDeCaixaBrutaAnexo02;Disponibilidade de Caixa Bruta;1437271317.56
2019;3;Q;Governo do Estado de Rondônia;11;RO;E;1757589;RGF-Anexo 02;E;Padrão;Até o 1º Quadrimestre;DisponibilidadeDeCaixaBrutaAnexo02;Disponibilidade de Caixa Bruta;2032827139.79
2019;3;Q;Governo do Estado de Rondônia;11;RO;E;1757589;RGF-Anexo 02;E;Padrão;Até o 2º Quadrimestre;DisponibilidadeDeCaixaBrutaAnexo02;Disponibilidade de Caixa Bruta;2198323863.6
2019;3;Q;Governo do Estado de Rondônia;11;RO;E;1757589;RGF-Anexo 02;E;Padrão;Até o 3º Quadrimestre;DisponibilidadeDeCaixaBrutaAnexo02;Disponibilidade de Caixa Bruta;2381218206.59
2019;3;Q;Governo do Estado de Rondônia;11;RO;E;1757589;RGF-Anexo 02;E;Padrão;SALDO DO EXERCÍCIO ANTERIOR;RestosAPagarProcessadosExcetoPrecatorios;(-) Restos a Pagar Processados;177274857.2
2019;3;Q;Governo do Estado de Rondônia;11;RO;E;1757589;RGF-Anexo 02;E;Padrão;Até o 1º Quadrimestre;RestosAPagarProcessadosExcetoPrecatorios;(-) Restos a Pagar Processados;45280073.23
2019;3;Q;Governo do Estado de Rondônia;11;RO;E;1757589;RGF-Anexo 02;E;Padrão;Até o 2º Quadrimestre;RestosAPagarProcessadosExcetoPrecatorios;(-) Restos a Pagar Processados;31817689.55
2019;3;Q;Governo do Estado de Rondônia;11;RO;E;1757589;RGF-Anexo 02;E;Padrão;Até o 3º Quadrimestre;RestosAPagarProcessadosExcetoPrecatorios;(-) Restos a Pagar Processados;101418158.52
2019;3;Q;Governo do Estado de Rondônia;11;RO;E;1757589;RGF-Anexo 02;E;Padrão;SALDO DO EXERCÍCIO ANTERIOR;DemaisHaveresFinanceiros;Demais Haveres Financeiros;19833283.55
2019;3;Q;Governo do Estado de Rondônia;11;RO;E;1757589;RGF-Anexo 02;E;Padrão;Até o 1º Quadrimestre;DemaisHaveresFinanceiros;Demais Haveres Financeiros;19766224.97
2019;3;Q;Governo do Estado de Rondônia;11;RO;E;1757589;RGF-Anexo 02;E;Padrão;Até o 2º Quadrimestre;DemaisHaveresFinanceiros;Demais Haveres Financeiros;19766224.97
2019;3;Q;Governo do Estado de Rondônia;11;RO;E;1757589;RGF-Anexo 02;E;Padrão;Até o 3º Quadrimestre;DemaisHaveresFinanceiros;Demais Haveres Financeiros;21825535.19
2019;3;Q;Governo do Estado de Rondônia;11;RO;E;1757589;RGF-Anexo 02;E;Padrão;SALDO DO EXERCÍCIO ANTERIOR;DividaConsolidadaLiquida;DÍVIDA CONSOLIDADA LÍQUIDA (DCL) (III) = (I - II);3261653355.35
2019;3;Q;Governo do Estado de Rondônia;11;RO;E;1757589;RGF-Anexo 02;E;Padrão;Até o 1º Quadrimestre;DividaConsolidadaLiquida;DÍVIDA CONSOLIDADA LÍQUIDA (DCL) (III) = (I - II);2368427165.82
2019;3;Q;Governo do Estado de Rondônia;11;RO;E;1757589;RGF-Anexo 02;E;Padrão;Até o 2º Quadrimestre;DividaConsolidadaLiquida;DÍVIDA CONSOLIDADA LÍQUIDA (DCL) (III) = (I - II);2088207341.91
2019;3;Q;Governo do Estado de Rondônia;11;RO;E;1757589;RGF-Anexo 02;E;Padrão;Até o 3º Quadrimestre;DividaConsolidadaLiquida;DÍVIDA CONSOLIDADA LÍQUIDA (DCL) (III) = (I - II);2161693659.31
2019;3;Q;Governo do Estado de Rondônia;11;RO;E;1757589;RGF-Anexo 02;E;Padrão;SALDO DO EXERCÍCIO ANTERIOR;RGF2ReceitaCorrenteLiquida;RECEITA CORRENTE LÍQUIDA - RCL;6943539791.0
2019;3;Q;Governo do Estado de Rondônia;11;RO;E;1757589;RGF-Anexo 02;E;Padrão;Até o 1º Quadrimestre;RGF2ReceitaCorrenteLiquida;RECEITA CORRENTE LÍQUIDA - RCL;7148440123.68
2019;3;Q;Governo do Estado de Rondônia;11;RO;E;1757589;RGF-Anexo 02;E;Padrão;Até o 2º Quadrimestre;RGF2ReceitaCorrenteLiquida;RECEITA CORRENTE LÍQUIDA - RCL;7346381226.94
2019;3;Q;Governo do Estado de Rondônia;11;RO;E;1757589;RGF-Anexo 02;E;Padrão;Até o 3º Quadrimestre;RGF2ReceitaCorrenteLiquida;RECEITA CORRENTE LÍQUIDA - RCL;7743045299.48
2019;3;Q;Governo do Estado de Rondônia;11;RO;E;1757589;RGF-Anexo 02;E;Padrão;SALDO DO EXERCÍCIO ANTERIOR;PercentualDaDCSobreARCL;% da DC sobre a RCL (I/RCL);65.41
2019;3;Q;Governo do Estado de Rondônia;11;RO;E;1757589;RGF-Anexo 02;E;Padrão;Até o 1º Quadrimestre;PercentualDaDCSobreARCL;% da DC sobre a RCL (I/RCL);61.21
2019;3;Q;Governo do Estado de Rondônia;11;RO;E;1757589;RGF-Anexo 02;E;Padrão;Até o 2º Quadrimestre;PercentualDaDCSobreARCL;% da DC sobre a RCL (I/RCL);58.18
2019;3;Q;Governo do Estado de Rondônia;11;RO;E;1757589;RGF-Anexo 02;E;Padrão;Até o 3º Quadrimestre;PercentualDaDCSobreARCL;% da DC sobre a RCL (I/RCL);57.64
2019;3;Q;Governo do Estado de Rondônia;11;RO;E;1757589;RGF-Anexo 02;E;Padrão;SALDO DO EXERCÍCIO ANTERIOR;PercentualDaDCLSobreARCL;% da DCL sobre a RCL (III/RCL);46.97
2019;3;Q;Governo do Estado de Rondônia;11;RO;E;1757589;RGF-Anexo 02;E;Padrão;Até o 1º Quadrimestre;PercentualDaDCLSobreARCL;% da DCL sobre a RCL (III/RCL);33.13
2019;3;Q;Governo do Estado de Rondônia;11;RO;E;1757589;RGF-Anexo 02;E;Padrão;Até o 2º Quadrimestre;PercentualDaDCLSobreARCL;% da DCL sobre a RCL (III/RCL);28.42
2019;3;Q;Governo do Estado de Rondônia;11;RO;E;1757589;RGF-Anexo 02;E;Padrão;Até o 3º Quadrimestre;PercentualDaDCLSobreARCL;% da DCL sobre a RCL (III/RCL);27.92
2019;3;Q;Governo do Estado de Rondônia;11;RO;E;1757589;RGF-Anexo 02;E;Padrão;SALDO DO EXERCÍCIO ANTERIOR;LimiteDefinidoPorResolucaoDoSenadoFederal;LIMITE DEFINIDO POR RESOLUÇÃO DO SENADO FEDERAL;13887079582.0
2019;3;Q;Governo do Estado de Rondônia;11;RO;E;1757589;RGF-Anexo 02;E;Padrão;Até o 1º Quadrimestre;LimiteDefinidoPorResolucaoDoSenadoFederal;LIMITE DEFINIDO POR RESOLUÇÃO DO SENADO FEDERAL;14296880247.36
2019;3;Q;Governo do Estado de Rondônia;11;RO;E;1757589;RGF-Anexo 02;E;Padrão;Até o 2º Quadrimestre;LimiteDefinidoPorResolucaoDoSenadoFederal;LIMITE DEFINIDO POR RESOLUÇÃO DO SENADO FEDERAL;14692762453.88
2019;3;Q;Governo do Estado de Rondônia;11;RO;E;1757589;RGF-Anexo 02;E;Padrão;Até o 3º Quadrimestre;LimiteDefinidoPorResolucaoDoSenadoFederal;LIMITE DEFINIDO POR RESOLUÇÃO DO SENADO FEDERAL;15486090598.96
2019;3;Q;Governo do Estado de Rondônia;11;RO;E;1757589;RGF-Anexo 02;E;Padrão;SALDO DO EXERCÍCIO ANTERIOR;LimiteDeAlerta;LIMITE DE ALERTA (inciso III do § 1º do art. 59 da LRF);12498371623.8
2019;3;Q;Governo do Estado de Rondônia;11;RO;E;1757589;RGF-Anexo 02;E;Padrão;Até o 1º Quadrimestre;LimiteDeAlerta;LIMITE DE ALERTA (inciso III do § 1º do art. 59 da LRF);12867192222.62
2019;3;Q;Governo do Estado de Rondônia;11;RO;E;1757589;RGF-Anexo 02;E;Padrão;Até o 2º Quadrimestre;LimiteDeAlerta;LIMITE DE ALERTA (inciso III do § 1º do art. 59 da LRF);13223486208.49
2019;3;Q;Governo do Estado de Rondônia;11;RO;E;1757589;RGF-Anexo 02;E;Padrão;Até o 3º Quadrimestre;LimiteDeAlerta;LIMITE DE ALERTA (inciso III do § 1º do art. 59 da LRF);13937481539.06
2019;3;Q;Governo do Estado de Rondônia;11;RO;E;1757589;RGF-Anexo 02;E;Padrão;SALDO DO EXERCÍCIO ANTERIOR;PrecatoriosAPartirDe05052000;Precatórios Posteriores a 05/05/2000 (Não incluídos na DC);339335422.11
2019;3;Q;Governo do Estado de Rondônia;11;RO;E;1757589;RGF-Anexo 02;E;Padrão;Até o 1º Quadrimestre;PrecatoriosAPartirDe05052000;Precatórios Posteriores a 05/05/2000 (Não incluídos na DC);338594505.56
2019;3;Q;Governo do Estado de Rondônia;11;RO;E;1757589;RGF-Anexo 02;E;Padrão;Até o 2º Quadrimestre;PrecatoriosAPartirDe05052000;Precatórios Posteriores a 05/05/2000 (Não incluídos na DC);386258784.19
2019;3;Q;Governo do Estado de Rondônia;11;RO;E;1757589;RGF-Anexo 02;E;Padrão;Até o 3º Quadrimestre;PrecatoriosAPartirDe05052000;Precatórios Posteriores a 05/05/2000 (Não incluídos na DC);95154053.38
2019;3;Q;Governo do Estado de Rondônia;11;RO;E;1757589;RGF-Anexo 02;E;Padrão;SALDO DO EXERCÍCIO ANTERIOR;RGF2DividaConsolidadaPrevidenciariaPassivoAtuarial;Passivo Atuarial;2058605510.85
2019;3;Q;Governo do Estado de Rondônia;11;RO;E;1757589;RGF-Anexo 02;E;Padrão;Até o 1º Quadrimestre;RGF2DividaConsolidadaPrevidenciariaPassivoAtuarial;Passivo Atuarial;2058605510.85
2019;3;Q;Governo do Estado de Rondônia;11;RO;E;1757589;RGF-Anexo 02;E;Padrão;Até o 2º Quadrimestre;RGF2DividaConsolidadaPrevidenciariaPassivoAtuarial;Passivo Atuarial;2131426777.29
2019;3;Q;Governo do Estado de Rondônia;11;RO;E;1757589;RGF-Anexo 02;E;Padrão;Até o 3º Quadrimestre;RGF2DividaConsolidadaPrevidenciariaPassivoAtuarial;Passivo Atuarial;2131426777.29
2019;3;Q;Governo do Estado de Rondônia;11;RO;E;1757589;RGF-Anexo 02;E;Padrão;SALDO DO EXERCÍCIO ANTERIOR;RPNaoProcessadosDeExerciciosAnteriores;RP Não-Processados;16397034.5
2019;3;Q;Governo do Estado de Rondônia;11;RO;E;1757589;RGF-Anexo 02;E;Padrão;Até o 1º Quadrimestre;RPNaoProcessadosDeExerciciosAnteriores;RP Não-Processados;181145918.56
2019;3;Q;Governo do Estado de Rondônia;11;RO;E;1757589;RGF-Anexo 02;E;Padrão;Até o 2º Quadrimestre;RPNaoProcessadosDeExerciciosAnteriores;RP Não-Processados;118962849.93
2019;3;Q;Governo do Estado de Rondônia;11;RO;E;1757589;RGF-Anexo 02;E;Padrão;Até o 3º Quadrimestre;RPNaoProcessadosDeExerciciosAnteriores;RP Não-Processados;453377796.57
2019;3;Q;Governo do Estado de Rondônia;11;RO;E;1757589;RGF-Anexo 03;E;Padrão;SALDO DO EXERCÍCIO ANTERIOR;RGF3ReceitaCorrenteLiquida;RECEITA CORRENTE LÍQUIDA - RCL (VI);6943539791.0
2019;3;Q;Governo do Estado de Rondônia;11;RO;E;1757589;RGF-Anexo 03;E;Padrão;Até o 1º Quadrimestre;RGF3ReceitaCorrenteLiquida;RECEITA CORRENTE LÍQUIDA - RCL (VI);7148440123.68
2019;3;Q;Governo do Estado de Rondônia;11;RO;E;1757589;RGF-Anexo 03;E;Padrão;Até o 2º Quadrimestre;RGF3ReceitaCorrenteLiquida;RECEITA CORRENTE LÍQUIDA - RCL (VI);7346381226.94
2019;3;Q;Governo do Estado de Rondônia;11;RO;E;1757589;RGF-Anexo 03;E;Padrão;Até o 3º Quadrimestre;RGF3ReceitaCorrenteLiquida;RECEITA CORRENTE LÍQUIDA - RCL (VI);7743045299.48
2019;3;Q;Governo do Estado de Rondônia;11;RO;E;1757589;RGF-Anexo 03;E;Padrão;SALDO DO EXERCÍCIO ANTERIOR;LimiteDefinidoPorResolucaoDoSenadoFederal;LIMITE DEFINIDO POR RESOLUÇÃO DO SENADO FEDERAL;1527578754.02
2019;3;Q;Governo do Estado de Rondônia;11;RO;E;1757589;RGF-Anexo 03;E;Padrão;Até o 1º Quadrimestre;LimiteDefinidoPorResolucaoDoSenadoFederal;LIMITE DEFINIDO POR RESOLUÇÃO DO SENADO FEDERAL;1572656827.21
2019;3;Q;Governo do Estado de Rondônia;11;RO;E;1757589;RGF-Anexo 03;E;Padrão;Até o 2º Quadrimestre;LimiteDefinidoPorResolucaoDoSenadoFederal;LIMITE DEFINIDO POR RESOLUÇÃO DO SENADO FEDERAL;1616203869.92
2019;3;Q;Governo do Estado de Rondônia;11;RO;E;1757589;RGF-Anexo 03;E;Padrão;Até o 3º Quadrimestre;LimiteDefinidoPorResolucaoDoSenadoFederal;LIMITE DEFINIDO POR RESOLUÇÃO DO SENADO FEDERAL;1703469965.89
2019;3;Q;Governo do Estado de Rondônia;11;RO;E;1757589;RGF-Anexo 03;E;Padrão;SALDO DO EXERCÍCIO ANTERIOR;LimiteDeAlerta;LIMITE DE ALERTA (inciso III § 1º do art. 59 da LRF);1374820878.62
2019;3;Q;Governo do Estado de Rondônia;11;RO;E;1757589;RGF-Anexo 03;E;Padrão;Até o 1º Quadrimestre;LimiteDeAlerta;LIMITE DE ALERTA (inciso III § 1º do art. 59 da LRF);1415391144.49
2019;3;Q;Governo do Estado de Rondônia;11;RO;E;1757589;RGF-Anexo 03;E;Padrão;Até o 2º Quadrimestre;LimiteDeAlerta;LIMITE DE ALERTA (inciso III § 1º do art. 59 da LRF);1454583482.93
2019;3;Q;Governo do Estado de Rondônia;11;RO;E;1757589;RGF-Anexo 03;E;Padrão;Até o 3º Quadrimestre;LimiteDeAlerta;LIMITE DE ALERTA (inciso III § 1º do art. 59 da LRF);1533122969.3
2019;3;Q;Governo do Estado de Rondônia;11;RO;E;1757589;RGF-Anexo 04;E;Padrão;VALOR;RGF4ReceitaCorrenteLiquida;Receita Corrente Líquida - RCL (IV);7743045299.48
2019;3;Q;Governo do Estado de Rondônia;11;RO;E;1757589;RGF-Anexo 04;E;Padrão;VALOR;LimiteGeralDefinidoPorResolucaoDoSenadoFederalParaAsOperacoesDeCreditoInternasEExternas;Limite Geral Definido por Resolução do Senado Federal para as Operações de Crédito Internas e Externas;1238887247.92
2019;3;Q;Governo do Estado de Rondônia;11;RO;E;1757589;RGF-Anexo 04;E;Padrão;% SOBRE A RCL;LimiteGeralDefinidoPorResolucaoDoSenadoFederalParaAsOperacoesDeCreditoInternasEExternas;Limite Geral Definido por Resolução do Senado Federal para as Operações de Crédito Internas e Externas;16.0
2019;3;Q;Governo do Estado de Rondônia;11;RO;E;1757589;RGF-Anexo 04;E;Padrão;VALOR;LimiteDeAlertaOperacoesCredito;Limite de Alerta(inciso III do § 1º do art. 59 da LRF);1114998523.13
2019;3;Q;Governo do Estado de Rondônia;11;RO;E;1757589;RGF-Anexo 04;E;Padrão;% SOBRE A RCL;LimiteDeAlertaOperacoesCredito;Limite de Alerta(inciso III do § 1º do art. 59 da LRF);14.4
2019;3;Q;Governo do Estado de Rondônia;11;RO;E;1757589;RGF-Anexo 04;E;Padrão;VALOR;LimiteDefinidoPorResolucaoDoSenadoFederalParaAsOperacoesDeCreditoPorAntecipacaoDaReceitaOrcamentaria;Limite Definido por Resolução do Senado Federal para as Operações de Crédito por Antecipação da Receita Orçamentária;542013170.96
2019;3;Q;Governo do Estado de Rondônia;11;RO;E;1757589;RGF-Anexo 04;E;Padrão;% SOBRE A RCL;LimiteDefinidoPorResolucaoDoSenadoFederalParaAsOperacoesDeCreditoPorAntecipacaoDaReceitaOrcamentaria;Limite Definido por Resolução do Senado Federal para as Operações de Crédito por Antecipação da Receita Orçamentária;7.0
2019;3;Q;Governo do Estado de Rondônia;11;RO;E;1757589;RGF-Anexo 05;E;Padrão;DISPONIBILIDADE DE CAIXA BRUTA (a);DisponibilidadeDeCaixaBruta;TOTAL DOS RECURSOS NÃO VINCULADOS (I);428150817.53
2019;3;Q;Governo do Estado de Rondônia;11;RO;E;1757589;RGF-Anexo 05;E;Padrão;DISPONIBILIDADE DE CAIXA BRUTA (a);DisponibilidadeDeCaixaBruta;Recursos Ordinários;365502209.38
2019;3;Q;Governo do Estado de Rondônia;11;RO;E;1757589;RGF-Anexo 05;E;Padrão;DISPONIBILIDADE DE CAIXA BRUTA (a);DisponibilidadeDeCaixaBruta;Outros Recursos não Vinculados;62648608.15
2019;3;Q;Governo do Estado de Rondônia;11;RO;E;1757589;RGF-Anexo 05;E;Padrão;DISPONIBILIDADE DE CAIXA BRUTA (a);DisponibilidadeDeCaixaBruta;TOTAL DOS RECURSOS VINCULADOS (II);1666900421.74
2019;3;Q;Governo do Estado de Rondônia;11;RO;E;1757589;RGF-Anexo 05;E;Padrão;DISPONIBILIDADE DE CAIXA BRUTA (a);DisponibilidadeDeCaixaBruta;Receitas de Impostos e de Transferência de Impostos - Educação;98387941.28
2019;3;Q;Governo do Estado de Rondônia;11;RO;E;1757589;RGF-Anexo 05;E;Padrão;DISPONIBILIDADE DE CAIXA BRUTA (a);DisponibilidadeDeCaixaBruta;Transferências do FUNDEB;74157718.23
2019;3;Q;Governo do Estado de Rondônia;11;RO;E;1757589;RGF-Anexo 05;E;Padrão;DISPONIBILIDADE DE CAIXA BRUTA (a);DisponibilidadeDeCaixaBruta;Outros Recursos Vinculados à Educação;48559400.7
2019;3;Q;Governo do Estado de Rondônia;11;RO;E;1757589;RGF-Anexo 05;E;Padrão;DISPONIBILIDADE DE CAIXA BRUTA (a);DisponibilidadeDeCaixaBruta;Receitas de Impostos e de Transferência de Impostos - Saúde;199524979.87
2019;3;Q;Governo do Estado de Rondônia;11;RO;E;1757589;RGF-Anexo 05;E;Padrão;DISPONIBILIDADE DE CAIXA BRUTA (a);DisponibilidadeDeCaixaBruta;Outros Recursos Vinculados à Saúde;147469339.99
2019;3;Q;Governo do Estado de Rondônia;11;RO;E;1757589;RGF-Anexo 05;E;Padrão;DISPONIBILIDADE DE CAIXA BRUTA (a);DisponibilidadeDeCaixaBruta;Recursos Vinculados à Assistência Social;2460978.89
2019;3;Q;Governo do Estado de Rondônia;11;RO;E;1757589;RGF-Anexo 05;E;Padrão;DISPONIBILIDADE DE CAIXA BRUTA (a);DisponibilidadeDeCaixaBruta;Recursos Vinculados ao RPPS - Plano Previdenciário;82785845.73
2019;3;Q;Governo do Estado de Rondônia;11;RO;E;1757589;RGF-Anexo 05;E;Padrão;DISPONIBILIDADE DE CAIXA BRUTA (a);DisponibilidadeDeCaixaBruta;Recursos Vinculados ao RPPS - Plano Financeiro;71483100.46
2019;3;Q;Governo do Estado de Rondônia;11;RO;E;1757589;RGF-Anexo 05;E;Padrão;DISPONIBILIDADE DE CAIXA BRUTA (a);DisponibilidadeDeCaixaBruta;Recursos de Operações de Crédito (exceto vinculados à Educação e à Saúde);19593732.21
2019;3;Q;Governo do Estado de Rondônia;11;RO;E;1757589;RGF-Anexo 05;E;Padrão;DISPONIBILIDADE DE CAIXA BRUTA (a);DisponibilidadeDeCaixaBruta;Recursos de Alienação de Bens/Ativos;826544.13
2019;3;Q;Governo do Estado de Rondônia;11;RO;E;1757589;RGF-Anexo 05;E;Padrão;DISPONIBILIDADE DE CAIXA BRUTA (a);DisponibilidadeDeCaixaBruta;Outros Recursos Vinculados;921650840.25
2019;3;Q;Governo do Estado de Rondônia;11;RO;E;1757589;RGF-Anexo 05;E;Padrão;DISPONIBILIDADE DE CAIXA BRUTA (a);DisponibilidadeDeCaixaBruta;TOTAL (III) = (I + II);2095051239.27
2019;3;Q;Governo do Estado de Rondônia;11;RO;E;1757589;RGF-Anexo 05;E;Padrão;De Exercícios Anteriores (b);RestosAPagarLiquidadosENaoPagosDeExerciciosAnteriores;TOTAL DOS RECURSOS NÃO VINCULADOS (I);4854400.76
2019;3;Q;Governo do Estado de Rondônia;11;RO;E;1757589;RGF-Anexo 05;E;Padrão;De Exercícios Anteriores (b);RestosAPagarLiquidadosENaoPagosDeExerciciosAnteriores;Recursos Ordinários;4854400.76
2019;3;Q;Governo do Estado de Rondônia;11;RO;E;1757589;RGF-Anexo 05;E;Padrão;De Exercícios Anteriores (b);RestosAPagarLiquidadosENaoPagosDeExerciciosAnteriores;TOTAL DOS RECURSOS VINCULADOS (II);9296188.01
2019;3;Q;Governo do Estado de Rondônia;11;RO;E;1757589;RGF-Anexo 05;E;Padrão;De Exercícios Anteriores (b);RestosAPagarLiquidadosENaoPagosDeExerciciosAnteriores;Receitas de Impostos e de Transferência de Impostos - Educação;1452.82
2019;3;Q;Governo do Estado de Rondônia;11;RO;E;1757589;RGF-Anexo 05;E;Padrão;De Exercícios Anteriores (b);RestosAPagarLiquidadosENaoPagosDeExerciciosAnteriores;Outros Recursos Vinculados à Educação;87699.49
2019;3;Q;Governo do Estado de Rondônia;11;RO;E;1757589;RGF-Anexo 05;E;Padrão;De Exercícios Anteriores (b);RestosAPagarLiquidadosENaoPagosDeExerciciosAnteriores;Receitas de Impostos e de Transferência de Impostos - Saúde;5285570.99
2019;3;Q;Governo do Estado de Rondônia;11;RO;E;1757589;RGF-Anexo 05;E;Padrão;De Exercícios Anteriores (b);RestosAPagarLiquidadosENaoPagosDeExerciciosAnteriores;Outros Recursos Vinculados à Saúde;762958.21
2019;3;Q;Governo do Estado de Rondônia;11;RO;E;1757589;RGF-Anexo 05;E;Padrão;De Exercícios Anteriores (b);RestosAPagarLiquidadosENaoPagosDeExerciciosAnteriores;Recursos Vinculados à Assistência Social;11681.04
2019;3;Q;Governo do Estado de Rondônia;11;RO;E;1757589;RGF-Anexo 05;E;Padrão;De Exercícios Anteriores (b);RestosAPagarLiquidadosENaoPagosDeExerciciosAnteriores;Outros Recursos Vinculados;3146825.46
2019;3;Q;Governo do Estado de Rondônia;11;RO;E;1757589;RGF-Anexo 05;E;Padrão;De Exercícios Anteriores (b);RestosAPagarLiquidadosENaoPagosDeExerciciosAnteriores;TOTAL (III) = (I + II);14150588.77
2019;3;Q;Governo do Estado de Rondônia;11;RO;E;1757589;RGF-Anexo 05;E;Padrão;Do Exercício (c);RestosAPagarLiquidadosENaoPagosDoExercicio;TOTAL DOS RECURSOS NÃO VINCULADOS (I);52806672.08
2019;3;Q;Governo do Estado de Rondônia;11;RO;E;1757589;RGF-Anexo 05;E;Padrão;Do Exercício (c);RestosAPagarLiquidadosENaoPagosDoExercicio;Recursos Ordinários;52563578.68
2019;3;Q;Governo do Estado de Rondônia;11;RO;E;1757589;RGF-Anexo 05;E;Padrão;Do Exercício (c);RestosAPagarLiquidadosENaoPagosDoExercicio;Outros Recursos não Vinculados;243093.4
2019;3;Q;Governo do Estado de Rondônia;11;RO;E;1757589;RGF-Anexo 05;E;Padrão;Do Exercício (c);RestosAPagarLiquidadosENaoPagosDoExercicio;TOTAL DOS RECURSOS VINCULADOS (II);43279429.93
2019;3;Q;Governo do Estado de Rondônia;11;RO;E;1757589;RGF-Anexo 05;E;Padrão;Do Exercício (c);RestosAPagarLiquidadosENaoPagosDoExercicio;Receitas de Impostos e de Transferência de Impostos - Educação;538261.32
2019;3;Q;Governo do Estado de Rondônia;11;RO;E;1757589;RGF-Anexo 05;E;Padrão;Do Exercício (c);RestosAPagarLiquidadosENaoPagosDoExercicio;Transferências do FUNDEB;630759.52
2019;3;Q;Governo do Estado de Rondônia;11;RO;E;1757589;RGF-Anexo 05;E;Padrão;Do Exercício (c);RestosAPagarLiquidadosENaoPagosDoExercicio;Outros Recursos Vinculados à Educação;73347.54
2019;3;Q;Governo do Estado de Rondônia;11;RO;E;1757589;RGF-Anexo 05;E;Padrão;Do Exercício (c);RestosAPagarLiquidadosENaoPagosDoExercicio;Receitas de Impostos e de Transferência de Impostos - Saúde;23361898.02
2019;3;Q;Governo do Estado de Rondônia;11;RO;E;1757589;RGF-Anexo 05;E;Padrão;Do Exercício (c);RestosAPagarLiquidadosENaoPagosDoExercicio;Outros Recursos Vinculados à Saúde;4470785.14
2019;3;Q;Governo do Estado de Rondônia;11;RO;E;1757589;RGF-Anexo 05;E;Padrão;Do Exercício (c);RestosAPagarLiquidadosENaoPagosDoExercicio;Recursos Vinculados à Assistência Social;45555.34
2019;3;Q;Governo do Estado de Rondônia;11;RO;E;1757589;RGF-Anexo 05;E;Padrão;Do Exercício (c);RestosAPagarLiquidadosENaoPagosDoExercicio;Recursos Vinculados ao RPPS - Plano Previdenciário;178302.92
2019;3;Q;Governo do Estado de Rondônia;11;RO;E;1757589;RGF-Anexo 05;E;Padrão;Do Exercício (c);RestosAPagarLiquidadosENaoPagosDoExercicio;Recursos de Operações de Crédito (exceto vinculados à Educação e à Saúde);288140.72
2019;3;Q;Governo do Estado de Rondônia;11;RO;E;1757589;RGF-Anexo 05;E;Padrão;Do Exercício (c);RestosAPagarLiquidadosENaoPagosDoExercicio;Outros Recursos Vinculados;13692379.41
2019;3;Q;Governo do Estado de Rondônia;11;RO;E;1757589;RGF-Anexo 05;E;Padrão;Do Exercício (c);RestosAPagarLiquidadosENaoPagosDoExercicio;TOTAL (III) = (I + II);96086102.01
2019;3;Q;Governo do Estado de Rondônia;11;RO;E;1757589;RGF-Anexo 05;E;Padrão;Restos a Pagar Empenhados e Não Liquidados de Exercícios Anteriores (d);RestosAPagarEmpenhadosENaoLiquidadosDeExerciciosAnteriores;TOTAL DOS RECURSOS NÃO VINCULADOS (I);3364347.11
2019;3;Q;Governo do Estado de Rondônia;11;RO;E;1757589;RGF-Anexo 05;E;Padrão;Restos a Pagar Empenhados e Não Liquidados de Exercícios Anteriores (d);RestosAPagarEmpenhadosENaoLiquidadosDeExerciciosAnteriores;Recursos Ordinários;3364347.11
2019;3;Q;Governo do Estado de Rondônia;11;RO;E;1757589;RGF-Anexo 05;E;Padrão;Restos a Pagar Empenhados e Não Liquidados de Exercícios Anteriores (d);RestosAPagarEmpenhadosENaoLiquidadosDeExerciciosAnteriores;TOTAL DOS RECURSOS VINCULADOS (II);47393022.42
2019;3;Q;Governo do Estado de Rondônia;11;RO;E;1757589;RGF-Anexo 05;E;Padrão;Restos a Pagar Empenhados e Não Liquidados de Exercícios Anteriores (d);RestosAPagarEmpenhadosENaoLiquidadosDeExerciciosAnteriores;Receitas de Impostos e de Transferência de Impostos - Educação;3472355.25
2019;3;Q;Governo do Estado de Rondônia;11;RO;E;1757589;RGF-Anexo 05;E;Padrão;Restos a Pagar Empenhados e Não Liquidados de Exercícios Anteriores (d);RestosAPagarEmpenhadosENaoLiquidadosDeExerciciosAnteriores;Transferências do FUNDEB;569954.31
2019;3;Q;Governo do Estado de Rondônia;11;RO;E;1757589;RGF-Anexo 05;E;Padrão;Restos a Pagar Empenhados e Não Liquidados de Exercícios Anteriores (d);RestosAPagarEmpenhadosENaoLiquidadosDeExerciciosAnteriores;Outros Recursos Vinculados à Educação;632114.7
2019;3;Q;Governo do Estado de Rondônia;11;RO;E;1757589;RGF-Anexo 05;E;Padrão;Restos a Pagar Empenhados e Não Liquidados de Exercícios Anteriores (d);RestosAPagarEmpenhadosENaoLiquidadosDeExerciciosAnteriores;Receitas de Impostos e de Transferência de Impostos - Saúde;471292.24
2019;3;Q;Governo do Estado de Rondônia;11;RO;E;1757589;RGF-Anexo 05;E;Padrão;Restos a Pagar Empenhados e Não Liquidados de Exercícios Anteriores (d);RestosAPagarEmpenhadosENaoLiquidadosDeExerciciosAnteriores;Outros Recursos Vinculados à Saúde;2698002.81
2019;3;Q;Governo do Estado de Rondônia;11;RO;E;1757589;RGF-Anexo 05;E;Padrão;Restos a Pagar Empenhados e Não Liquidados de Exercícios Anteriores (d);RestosAPagarEmpenhadosENaoLiquidadosDeExerciciosAnteriores;Recursos de Operações de Crédito (exceto vinculados à Educação e à Saúde);5032.0
2019;3;Q;Governo do Estado de Rondônia;11;RO;E;1757589;RGF-Anexo 05;E;Padrão;Restos a Pagar Empenhados e Não Liquidados de Exercícios Anteriores (d);RestosAPagarEmpenhadosENaoLiquidadosDeExerciciosAnteriores;Outros Recursos Vinculados;39544271.11
2019;3;Q;Governo do Estado de Rondônia;11;RO;E;1757589;RGF-Anexo 05;E;Padrão;Restos a Pagar Empenhados e Não Liquidados de Exercícios Anteriores (d);RestosAPagarEmpenhadosENaoLiquidadosDeExerciciosAnteriores;TOTAL (III) = (I + II);50757369.53
2019;3;Q;Governo do Estado de Rondônia;11;RO;E;1757589;RGF-Anexo 05;E;Padrão;DISPONIBILIDADE DE CAIXA LÍQUIDA (ANTES DA INSCRIÇÃO EM RESTOS A PAGAR NÃO PROCESSADOS DO EXERCÍCIO) (g)=(a-(b+c+d+e)-f);DisponibilidadeDeCaixaLiquida;TOTAL DOS RECURSOS NÃO VINCULADOS (I);367125397.58
2019;3;Q;Governo do Estado de Rondônia;11;RO;E;1757589;RGF-Anexo 05;E;Padrão;DISPONIBILIDADE DE CAIXA LÍQUIDA (ANTES DA INSCRIÇÃO EM RESTOS A PAGAR NÃO PROCESSADOS DO EXERCÍCIO) (g)=(a-(b+c+d+e)-f);DisponibilidadeDeCaixaLiquida;Recursos Ordinários;304719882.83
2019;3;Q;Governo do Estado de Rondônia;11;RO;E;1757589;RGF-Anexo 05;E;Padrão;DISPONIBILIDADE DE CAIXA LÍQUIDA (ANTES DA INSCRIÇÃO EM RESTOS A PAGAR NÃO PROCESSADOS DO EXERCÍCIO) (g)=(a-(b+c+d+e)-f);DisponibilidadeDeCaixaLiquida;Outros Recursos não Vinculados;62405514.75
2019;3;Q;Governo do Estado de Rondônia;11;RO;E;1757589;RGF-Anexo 05;E;Padrão;DISPONIBILIDADE DE CAIXA LÍQUIDA (ANTES DA INSCRIÇÃO EM RESTOS A PAGAR NÃO PROCESSADOS DO EXERCÍCIO) (g)=(a-(b+c+d+e)-f);DisponibilidadeDeCaixaLiquida;TOTAL DOS RECURSOS VINCULADOS (II);1566931781.38
2019;3;Q;Governo do Estado de Rondônia;11;RO;E;1757589;RGF-Anexo 05;E;Padrão;DISPONIBILIDADE DE CAIXA LÍQUIDA (ANTES DA INSCRIÇÃO EM RESTOS A PAGAR NÃO PROCESSADOS DO EXERCÍCIO) (g)=(a-(b+c+d+e)-f);DisponibilidadeDeCaixaLiquida;Receitas de Impostos e de Transferência de Impostos - Educação;94375871.89
2019;3;Q;Governo do Estado de Rondônia;11;RO;E;1757589;RGF-Anexo 05;E;Padrão;DISPONIBILIDADE DE CAIXA LÍQUIDA (ANTES DA INSCRIÇÃO EM RESTOS A PAGAR NÃO PROCESSADOS DO EXERCÍCIO) (g)=(a-(b+c+d+e)-f);DisponibilidadeDeCaixaLiquida;Transferências do FUNDEB;72957004.4
2019;3;Q;Governo do Estado de Rondônia;11;RO;E;1757589;RGF-Anexo 05;E;Padrão;DISPONIBILIDADE DE CAIXA LÍQUIDA (ANTES DA INSCRIÇÃO EM RESTOS A PAGAR NÃO PROCESSADOS DO EXERCÍCIO) (g)=(a-(b+c+d+e)-f);DisponibilidadeDeCaixaLiquida;Outros Recursos Vinculados à Educação;47766238.97
2019;3;Q;Governo do Estado de Rondônia;11;RO;E;1757589;RGF-Anexo 05;E;Padrão;DISPONIBILIDADE DE CAIXA LÍQUIDA (ANTES DA INSCRIÇÃO EM RESTOS A PAGAR NÃO PROCESSADOS DO EXERCÍCIO) (g)=(a-(b+c+d+e)-f);DisponibilidadeDeCaixaLiquida;Receitas de Impostos e de Transferência de Impostos - Saúde;170406218.62
2019;3;Q;Governo do Estado de Rondônia;11;RO;E;1757589;RGF-Anexo 05;E;Padrão;DISPONIBILIDADE DE CAIXA LÍQUIDA (ANTES DA INSCRIÇÃO EM RESTOS A PAGAR NÃO PROCESSADOS DO EXERCÍCIO) (g)=(a-(b+c+d+e)-f);DisponibilidadeDeCaixaLiquida;Outros Recursos Vinculados à Saúde;139537593.83
2019;3;Q;Governo do Estado de Rondônia;11;RO;E;1757589;RGF-Anexo 05;E;Padrão;DISPONIBILIDADE DE CAIXA LÍQUIDA (ANTES DA INSCRIÇÃO EM RESTOS A PAGAR NÃO PROCESSADOS DO EXERCÍCIO) (g)=(a-(b+c+d+e)-f);DisponibilidadeDeCaixaLiquida;Recursos Vinculados à Assistência Social;2403742.51
2019;3;Q;Governo do Estado de Rondônia;11;RO;E;1757589;RGF-Anexo 05;E;Padrão;DISPONIBILIDADE DE CAIXA LÍQUIDA (ANTES DA INSCRIÇÃO EM RESTOS A PAGAR NÃO PROCESSADOS DO EXERCÍCIO) (g)=(a-(b+c+d+e)-f);DisponibilidadeDeCaixaLiquida;Recursos Vinculados ao RPPS - Plano Previdenciário;82607542.81
2019;3;Q;Governo do Estado de Rondônia;11;RO;E;1757589;RGF-Anexo 05;E;Padrão;DISPONIBILIDADE DE CAIXA LÍQUIDA (ANTES DA INSCRIÇÃO EM RESTOS A PAGAR NÃO PROCESSADOS DO EXERCÍCIO) (g)=(a-(b+c+d+e)-f);DisponibilidadeDeCaixaLiquida;Recursos Vinculados ao RPPS - Plano Financeiro;71483100.46
2019;3;Q;Governo do Estado de Rondônia;11;RO;E;1757589;RGF-Anexo 05;E;Padrão;DISPONIBILIDADE DE CAIXA LÍQUIDA (ANTES DA INSCRIÇÃO EM RESTOS A PAGAR NÃO PROCESSADOS DO EXERCÍCIO) (g)=(a-(b+c+d+e)-f);DisponibilidadeDeCaixaLiquida;Recursos de Operações de Crédito (exceto vinculados à Educação e à Saúde);19300559.49
2019;3;Q;Governo do Estado de Rondônia;11;RO;E;1757589;RGF-Anexo 05;E;Padrão;DISPONIBILIDADE DE CAIXA LÍQUIDA (ANTES DA INSCRIÇÃO EM RESTOS A PAGAR NÃO PROCESSADOS DO EXERCÍCIO) (g)=(a-(b+c+d+e)-f);DisponibilidadeDeCaixaLiquida;Recursos de Alienação de Bens/Ativos;826544.13
2019;3;Q;Governo do Estado de Rondônia;11;RO;E;1757589;RGF-Anexo 05;E;Padrão;DISPONIBILIDADE DE CAIXA LÍQUIDA (ANTES DA INSCRIÇÃO EM RESTOS A PAGAR NÃO PROCESSADOS DO EXERCÍCIO) (g)=(a-(b+c+d+e)-f);DisponibilidadeDeCaixaLiquida;Outros Recursos Vinculados;865267364.27
2019;3;Q;Governo do Estado de Rondônia;11;RO;E;1757589;RGF-Anexo 05;E;Padrão;DISPONIBILIDADE DE CAIXA LÍQUIDA (ANTES DA INSCRIÇÃO EM RESTOS A PAGAR NÃO PROCESSADOS DO EXERCÍCIO) (g)=(a-(b+c+d+e)-f);DisponibilidadeDeCaixaLiquida;TOTAL (III) = (I + II);1934057178.96
2019;3;Q;Governo do Estado de Rondônia;11;RO;E;1757589;RGF-Anexo 05;E;Padrão;RESTOS A PAGAR EMPENHADOS E NÃO LIQUIDADOS DO EXERCÍCIO (h);RestosAPagarEmpenhadosENaoLiquidadosDoExercicio;TOTAL DOS RECURSOS NÃO VINCULADOS (I);66537859.7
2019;3;Q;Governo do Estado de Rondônia;11;RO;E;1757589;RGF-Anexo 05;E;Padrão;RESTOS A PAGAR EMPENHADOS E NÃO LIQUIDADOS DO EXERCÍCIO (h);RestosAPagarEmpenhadosENaoLiquidadosDoExercicio;Recursos Ordinários;43823281.83
2019;3;Q;Governo do Estado de Rondônia;11;RO;E;1757589;RGF-Anexo 05;E;Padrão;RESTOS A PAGAR EMPENHADOS E NÃO LIQUIDADOS DO EXERCÍCIO (h);RestosAPagarEmpenhadosENaoLiquidadosDoExercicio;Outros Recursos não Vinculados;22714577.87
2019;3;Q;Governo do Estado de Rondônia;11;RO;E;1757589;RGF-Anexo 05;E;Padrão;RESTOS A PAGAR EMPENHADOS E NÃO LIQUIDADOS DO EXERCÍCIO (h);RestosAPagarEmpenhadosENaoLiquidadosDoExercicio;TOTAL DOS RECURSOS VINCULADOS (II);295478998.64
2019;3;Q;Governo do Estado de Rondônia;11;RO;E;1757589;RGF-Anexo 05;E;Padrão;RESTOS A PAGAR EMPENHADOS E NÃO LIQUIDADOS DO EXERCÍCIO (h);RestosAPagarEmpenhadosENaoLiquidadosDoExercicio;Receitas de Impostos e de Transferência de Impostos - Educação;81895522.02
2019;3;Q;Governo do Estado de Rondônia;11;RO;E;1757589;RGF-Anexo 05;E;Padrão;RESTOS A PAGAR EMPENHADOS E NÃO LIQUIDADOS DO EXERCÍCIO (h);RestosAPagarEmpenhadosENaoLiquidadosDoExercicio;Transferências do FUNDEB;59574587.39
2019;3;Q;Governo do Estado de Rondônia;11;RO;E;1757589;RGF-Anexo 05;E;Padrão;RESTOS A PAGAR EMPENHADOS E NÃO LIQUIDADOS DO EXERCÍCIO (h);RestosAPagarEmpenhadosENaoLiquidadosDoExercicio;Outros Recursos Vinculados à Educação;1084651.76
2019;3;Q;Governo do Estado de Rondônia;11;RO;E;1757589;RGF-Anexo 05;E;Padrão;RESTOS A PAGAR EMPENHADOS E NÃO LIQUIDADOS DO EXERCÍCIO (h);RestosAPagarEmpenhadosENaoLiquidadosDoExercicio;Receitas de Impostos e de Transferência de Impostos - Saúde;55547900.26
2019;3;Q;Governo do Estado de Rondônia;11;RO;E;1757589;RGF-Anexo 05;E;Padrão;RESTOS A PAGAR EMPENHADOS E NÃO LIQUIDADOS DO EXERCÍCIO (h);RestosAPagarEmpenhadosENaoLiquidadosDoExercicio;Outros Recursos Vinculados à Saúde;32748390.08
2019;3;Q;Governo do Estado de Rondônia;11;RO;E;1757589;RGF-Anexo 05;E;Padrão;RESTOS A PAGAR EMPENHADOS E NÃO LIQUIDADOS DO EXERCÍCIO (h);RestosAPagarEmpenhadosENaoLiquidadosDoExercicio;Recursos Vinculados à Assistência Social;814890.2
2019;3;Q;Governo do Estado de Rondônia;11;RO;E;1757589;RGF-Anexo 05;E;Padrão;RESTOS A PAGAR EMPENHADOS E NÃO LIQUIDADOS DO EXERCÍCIO (h);RestosAPagarEmpenhadosENaoLiquidadosDoExercicio;Recursos Vinculados ao RPPS - Plano Previdenciário;96419.05
2019;3;Q;Governo do Estado de Rondônia;11;RO;E;1757589;RGF-Anexo 05;E;Padrão;RESTOS A PAGAR EMPENHADOS E NÃO LIQUIDADOS DO EXERCÍCIO (h);RestosAPagarEmpenhadosENaoLiquidadosDoExercicio;Recursos de Operações de Crédito (exceto vinculados à Educação e à Saúde);1120816.5
2019;3;Q;Governo do Estado de Rondônia;11;RO;E;1757589;RGF-Anexo 05;E;Padrão;RESTOS A PAGAR EMPENHADOS E NÃO LIQUIDADOS DO EXERCÍCIO (h);RestosAPagarEmpenhadosENaoLiquidadosDoExercicio;Outros Recursos Vinculados;62595821.38
2019;3;Q;Governo do Estado de Rondônia;11;RO;E;1757589;RGF-Anexo 05;E;Padrão;RESTOS A PAGAR EMPENHADOS E NÃO LIQUIDADOS DO EXERCÍCIO (h);RestosAPagarEmpenhadosENaoLiquidadosDoExercicio;TOTAL (III) = (I + II);362016858.34
2019;3;Q;Governo do Estado de Rondônia;11;RO;E;1757589;RGF-Anexo 05;E;Padrão;DISPONIBILIDADE DE CAIXA LÍQUIDA (APÓS A INSCRIÇÃO EM RESTOS A PAGAR NÃO PROCESSADOS DO EXERCÍCIO) (i) = (g - h);DisponibilidadeDeCaixaLiquidaAposRP;TOTAL DOS RECURSOS NÃO VINCULADOS (I);300587537.88
2019;3;Q;Governo do Estado de Rondônia;11;RO;E;1757589;RGF-Anexo 05;E;Padrão;DISPONIBILIDADE DE CAIXA LÍQUIDA (APÓS A INSCRIÇÃO EM RESTOS A PAGAR NÃO PROCESSADOS DO EXERCÍCIO) (i) = (g - h);DisponibilidadeDeCaixaLiquidaAposRP;Recursos Ordinários;260896601.0
2019;3;Q;Governo do Estado de Rondônia;11;RO;E;1757589;RGF-Anexo 05;E;Padrão;DISPONIBILIDADE DE CAIXA LÍQUIDA (APÓS A INSCRIÇÃO EM RESTOS A PAGAR NÃO PROCESSADOS DO EXERCÍCIO) (i) = (g - h);DisponibilidadeDeCaixaLiquidaAposRP;Outros Recursos não Vinculados;39690936.88
2019;3;Q;Governo do Estado de Rondônia;11;RO;E;1757589;RGF-Anexo 05;E;Padrão;DISPONIBILIDADE DE CAIXA LÍQUIDA (APÓS A INSCRIÇÃO EM RESTOS A PAGAR NÃO PROCESSADOS DO EXERCÍCIO) (i) = (g - h);DisponibilidadeDeCaixaLiquidaAposRP;TOTAL DOS RECURSOS VINCULADOS (II);1271452782.74
2019;3;Q;Governo do Estado de Rondônia;11;RO;E;1757589;RGF-Anexo 05;E;Padrão;DISPONIBILIDADE DE CAIXA LÍQUIDA (APÓS A INSCRIÇÃO EM RESTOS A PAGAR NÃO PROCESSADOS DO EXERCÍCIO) (i) = (g - h);DisponibilidadeDeCaixaLiquidaAposRP;Receitas de Impostos e de Transferência de Impostos - Educação;12480349.87
2019;3;Q;Governo do Estado de Rondônia;11;RO;E;1757589;RGF-Anexo 05;E;Padrão;DISPONIBILIDADE DE CAIXA LÍQUIDA (APÓS A INSCRIÇÃO EM RESTOS A PAGAR NÃO PROCESSADOS DO EXERCÍCIO) (i) = (g - h);DisponibilidadeDeCaixaLiquidaAposRP;Transferências do FUNDEB;13382417.01
2019;3;Q;Governo do Estado de Rondônia;11;RO;E;1757589;RGF-Anexo 05;E;Padrão;DISPONIBILIDADE DE CAIXA LÍQUIDA (APÓS A INSCRIÇÃO EM RESTOS A PAGAR NÃO PROCESSADOS DO EXERCÍCIO) (i) = (g - h);DisponibilidadeDeCaixaLiquidaAposRP;Outros Recursos Vinculados à Educação;46681587.21
2019;3;Q;Governo do Estado de Rondônia;11;RO;E;1757589;RGF-Anexo 05;E;Padrão;DISPONIBILIDADE DE CAIXA LÍQUIDA (APÓS A INSCRIÇÃO EM RESTOS A PAGAR NÃO PROCESSADOS DO EXERCÍCIO) (i) = (g - h);DisponibilidadeDeCaixaLiquidaAposRP;Receitas de Impostos e de Transferência de Impostos - Saúde;114858318.36
2019;3;Q;Governo do Estado de Rondônia;11;RO;E;1757589;RGF-Anexo 05;E;Padrão;DISPONIBILIDADE DE CAIXA LÍQUIDA (APÓS A INSCRIÇÃO EM RESTOS A PAGAR NÃO PROCESSADOS DO EXERCÍCIO) (i) = (g - h);DisponibilidadeDeCaixaLiquidaAposRP;Outros Recursos Vinculados à Saúde;106789203.75
2019;3;Q;Governo do Estado de Rondônia;11;RO;E;1757589;RGF-Anexo 05;E;Padrão;DISPONIBILIDADE DE CAIXA LÍQUIDA (APÓS A INSCRIÇÃO EM RESTOS A PAGAR NÃO PROCESSADOS DO EXERCÍCIO) (i) = (g - h);DisponibilidadeDeCaixaLiquidaAposRP;Recursos Vinculados à Assistência Social;1588852.31
2019;3;Q;Governo do Estado de Rondônia;11;RO;E;1757589;RGF-Anexo 05;E;Padrão;DISPONIBILIDADE DE CAIXA LÍQUIDA (APÓS A INSCRIÇÃO EM RESTOS A PAGAR NÃO PROCESSADOS DO EXERCÍCIO) (i) = (g - h);DisponibilidadeDeCaixaLiquidaAposRP;Recursos Vinculados ao RPPS - Plano Previdenciário;82511123.76
2019;3;Q;Governo do Estado de Rondônia;11;RO;E;1757589;RGF-Anexo 05;E;Padrão;DISPONIBILIDADE DE CAIXA LÍQUIDA (APÓS A INSCRIÇÃO EM RESTOS A PAGAR NÃO PROCESSADOS DO EXERCÍCIO) (i) = (g - h);DisponibilidadeDeCaixaLiquidaAposRP;Recursos Vinculados ao RPPS - Plano Financeiro;71483100.46
2019;3;Q;Governo do Estado de Rondônia;11;RO;E;1757589;RGF-Anexo 05;E;Padrão;DISPONIBILIDADE DE CAIXA LÍQUIDA (APÓS A INSCRIÇÃO EM RESTOS A PAGAR NÃO PROCESSADOS DO EXERCÍCIO) (i) = (g - h);DisponibilidadeDeCaixaLiquidaAposRP;Recursos de Operações de Crédito (exceto vinculados à Educação e à Saúde);18179742.99
2019;3;Q;Governo do Estado de Rondônia;11;RO;E;1757589;RGF-Anexo 05;E;Padrão;DISPONIBILIDADE DE CAIXA LÍQUIDA (APÓS A INSCRIÇÃO EM RESTOS A PAGAR NÃO PROCESSADOS DO EXERCÍCIO) (i) = (g - h);DisponibilidadeDeCaixaLiquidaAposRP;Recursos de Alienação de Bens/Ativos;826544.13
2019;3;Q;Governo do Estado de Rondônia;11;RO;E;1757589;RGF-Anexo 05;E;Padrão;DISPONIBILIDADE DE CAIXA LÍQUIDA (APÓS A INSCRIÇÃO EM RESTOS A PAGAR NÃO PROCESSADOS DO EXERCÍCIO) (i) = (g - h);DisponibilidadeDeCaixaLiquidaAposRP;Outros Recursos Vinculados;802671542.89
2019;3;Q;Governo do Estado de Rondônia;11;RO;E;1757589;RGF-Anexo 05;E;Padrão;DISPONIBILIDADE DE CAIXA LÍQUIDA (APÓS A INSCRIÇÃO EM RESTOS A PAGAR NÃO PROCESSADOS DO EXERCÍCIO) (i) = (g - h);DisponibilidadeDeCaixaLiquidaAposRP;TOTAL (III) = (I + II);1572040320.62
2019;3;Q;Governo do Estado de Rondônia;11;RO;E;1757589;RGF-Anexo 06;E;Padrão;Valor Até o Quadrimestre;ReceitaCorrenteLiquida;Receita Corrente Líquida;7743045299.48
2019;3;Q;Governo do Estado de Rondônia;11;RO;E;1757589;RGF-Anexo 06;E;Padrão;Valor Até o Quadrimestre;ReceitaCorrenteLiquidaAjustada;Receita Corrente Líquida Ajustada;7742045299.48
2019;3;Q;Governo do Estado de Rondônia;11;RO;E;1757589;RGF-Anexo 06;E;Padrão;VALOR;DespesaTotalComPessoalDemonstrativoSimplificado;Despesa Total com Pessoal - DTP;3086605530.74
2019;3;Q;Governo do Estado de Rondônia;11;RO;E;1757589;RGF-Anexo 06;E;Padrão;VALOR;LimiteMaximoDespesaComPessoalDemonstrativoSimplificado;Limite Máximo (incisos I, II e III art. 20 da LRF) - <%>;3793602196.75
2019;3;Q;Governo do Estado de Rondônia;11;RO;E;1757589;RGF-Anexo 06;E;Padrão;% SOBRE A RCL AJUSTADA;LimiteMaximoDespesaComPessoalDemonstrativoSimplificado;Limite Máximo (incisos I, II e III art. 20 da LRF) - <%>;49.0
2019;3;Q;Governo do Estado de Rondônia;11;RO;E;1757589;RGF-Anexo 06;E;Padrão;VALOR;LimitePrudencialDespesaComPessoalDemonstrativoSimplificado;Limite Prudencial (parágrafo único art. 22 da LRF) - <%>;3603922086.91
2019;3;Q;Governo do Estado de Rondônia;11;RO;E;1757589;RGF-Anexo 06;E;Padrão;% SOBRE A RCL AJUSTADA;LimitePrudencialDespesaComPessoalDemonstrativoSimplificado;Limite Prudencial (parágrafo único art. 22 da LRF) - <%>;46.55
2019;3;Q;Governo do Estado de Rondônia;11;RO;E;1757589;RGF-Anexo 06;E;Padrão;VALOR;LimiteDeAlertaDespesaComPessoalDemonstrativoSimplificado;Limite de Alerta (inciso II do §1º do art. 59 da LRF) - <%>;3414241977.07
2019;3;Q;Governo do Estado de Rondônia;11;RO;E;1757589;RGF-Anexo 06;E;Padrão;% SOBRE A RCL AJUSTADA;LimiteDeAlertaDespesaComPessoalDemonstrativoSimplificado;Limite de Alerta (inciso II do §1º do art. 59 da LRF) - <%>;44.1
2019;3;Q;Governo do Estado de Rondônia;11;RO;E;1757589;RGF-Anexo 06;E;Padrão;VALOR;DividaConsolidadaLiquidaDemonstrativoSimplificado;Dívida Consolidada Líquida;2161693659.31
2019;3;Q;Governo do Estado de Rondônia;11;RO;E;1757589;RGF-Anexo 06;E;Padrão;% SOBRE A RCL;DividaConsolidadaLiquidaDemonstrativoSimplificado;Dívida Consolidada Líquida;27.92
2019;3;Q;Governo do Estado de Rondônia;11;RO;E;1757589;RGF-Anexo 06;E;Padrão;VALOR;LimiteDefinidoPorResolucaoDoSenadoFederalDividaConsolidadaDemonstrativoSimplificado;Limite Definido por Resolução do Senado Federal;15486090598.96
2019;3;Q;Governo do Estado de Rondônia;11;RO;E;1757589;RGF-Anexo 06;E;Padrão;% SOBRE A RCL;LimiteDefinidoPorResolucaoDoSenadoFederalDividaConsolidadaDemonstrativoSimplificado;Limite Definido por Resolução do Senado Federal;200.0
2019;3;Q;Governo do Estado de Rondônia;11;RO;E;1757589;RGF-Anexo 06;E;Padrão;VALOR;LimiteDefinidoPorResolucaoDoSenadoFederalGarantiasDemonstrativoSimplificado;Limite Definido por Resolução do Senado Federal;1703469965.89
2019;3;Q;Governo do Estado de Rondônia;11;RO;E;1757589;RGF-Anexo 06;E;Padrão;% SOBRE A RCL;LimiteDefinidoPorResolucaoDoSenadoFederalGarantiasDemonstrativoSimplificado;Limite Definido por Resolução do Senado Federal;22.0
2019;3;Q;Governo do Estado de Rondônia;11;RO;E;1757589;RGF-Anexo 06;E;Padrão;VALOR;LimiteDefinidoPeloSenadoFederalParaOperacoesDeCreditoExternasEInternasDemonstrativoSimplificado;Limite Definido pelo Senado Federal para Operações de Crédito Externas e Internas;1238887247.92
2019;3;Q;Governo do Estado de Rondônia;11;RO;E;1757589;RGF-Anexo 06;E;Padrão;% SOBRE A RCL;LimiteDefinidoPeloSenadoFederalParaOperacoesDeCreditoExternasEInternasDemonstrativoSimplificado;Limite Definido pelo Senado Federal para Operações de Crédito Externas e Internas;16.0
2019;3;Q;Governo do Estado de Rondônia;11;RO;E;1757589;RGF-Anexo 06;E;Padrão;VALOR;LimiteDefinidoPeloSenadoFederalParaOperacoesDeCreditoPorAntecipacaoDaReceitaDemonstrativoSimplificado;Limite Definido pelo Senado Federal para Operações de Crédito por Antecipação da Receita;542013170.96
2019;3;Q;Governo do Estado de Rondônia;11;RO;E;1757589;RGF-Anexo 06;E;Padrão;% SOBRE A RCL;LimiteDefinidoPeloSenadoFederalParaOperacoesDeCreditoPorAntecipacaoDaReceitaDemonstrativoSimplificado;Limite Definido pelo Senado Federal para Operações de Crédito por Antecipação da Receita;7.0
2019;3;Q;Governo do Estado de Rondônia;11;RO;E;1757589;RGF-Anexo 06;E;Padrão;RESTOS A PAGAR EMPENHADOS E NÃO LIQUIDADOS DO EXERCÍCIO;ValorTotalRestosAPagarDemonstrativoSimplificado;Valor Total;362016858.34
2019;3;Q;Governo do Estado de Rondônia;11;RO;E;1757589;RGF-Anexo 06;E;Padrão;DISPONIBILIDADE DE CAIXA LÍQUIDA (APÓS A INSCRIÇÃO EM RESTOS A PAGAR NÃO PROCESSADOS DO EXERCÍCIO);ValorTotalRestosAPagarDemonstrativoSimplificado;Valor Total;1572040320.62
